#
# There is insufficient memory for the Java Runtime Environment to continue.
# Native memory allocation (malloc) failed to allocate 9009744 bytes. Error detail: Chunk::new
# Possible reasons:
#   The system is out of physical RAM or swap space
#   This process is running with CompressedOops enabled, and the Java Heap may be blocking the growth of the native heap
# Possible solutions:
#   Reduce memory load on the system
#   Increase physical memory or swap space
#   Check if swap backing store is full
#   Decrease Java heap size (-Xmx/-Xms)
#   Decrease number of Java threads
#   Decrease Java thread stack sizes (-Xss)
#   Set larger code cache with -XX:ReservedCodeCacheSize=
#   JVM is running with Zero Based Compressed Oops mode in which the Java heap is
#     placed in the first 32GB address space. The Java Heap base address is the
#     maximum limit for the native heap growth. Please use -XX:HeapBaseMinAddress
#     to set the Java Heap base and to place the Java Heap above 32GB virtual address.
# This output file may be truncated or incomplete.
#
#  Out of Memory Error (arena.cpp:162), pid=6448, tid=9956
#
# JRE version: Java(TM) SE Runtime Environment (24.0.1+9) (build 24.0.1+9-30)
# Java VM: Java HotSpot(TM) 64-Bit Server VM (24.0.1+9-30, mixed mode, tiered, compressed oops, compressed class ptrs, g1 gc, windows-amd64)
# No core dump will be written. Minidumps are not enabled by default on client versions of Windows
#

---------------  S U M M A R Y ------------

Command Line: -Xms128M -XX:MaxRAMPercentage=70.0 -Dawt.useSystemAAFontSettings=lcd -Dswing.aatext=true -Djava.util.Arrays.useLegacyMergeSort=true -Djdk.util.zip.disableZip64ExtraFieldValidation=true -XX:+IgnoreUnrecognizedVMOptions --add-opens=java.base/java.lang=ALL-UNNAMED --enable-native-access=ALL-UNNAMED -Dsun.java2d.noddraw=true -Dsun.java2d.d3d=false -Dsun.java2d.ddforcevram=true -Dsun.java2d.ddblit=false -Dswing.useflipBufferStrategy=true jadx.gui.JadxGUI

Host: AMD Athlon(tm) II X2 245 Processor, 2 cores, 3G,  Windows 10 , 64 bit Build 19041 (10.0.19041.546)
Time: Mon Dec  8 18:16:18 2025 Pacific Standard Time elapsed time: 282.774284 seconds (0d 0h 4m 42s)

---------------  T H R E A D  ---------------

Current thread (0x000001c5600a11d0):  JavaThread "C2 CompilerThread0" daemon [_thread_in_native, id=9956, stack(0x0000008a5a200000,0x0000008a5a300000) (1024K)]


Current CompileTask:
C2:282774 19688       4       jadx.core.dex.visitors.ExtractFieldInit::filterFieldsInit (236 bytes)

Stack: [0x0000008a5a200000,0x0000008a5a300000]
Native frames: (J=compiled Java code, j=interpreted, Vv=VM code, C=native code)
V  [jvm.dll+0x730739]  (no source info available)
V  [jvm.dll+0x8d9b23]  (no source info available)
V  [jvm.dll+0x8dc00d]  (no source info available)
V  [jvm.dll+0x8dc683]  (no source info available)
V  [jvm.dll+0x2aa086]  (no source info available)
V  [jvm.dll+0xcedef]  (no source info available)
V  [jvm.dll+0xcf04f]  (no source info available)
V  [jvm.dll+0x154d83]  (no source info available)
V  [jvm.dll+0x735f5f]  (no source info available)
V  [jvm.dll+0x26fa1c]  (no source info available)
V  [jvm.dll+0x26ea3f]  (no source info available)
V  [jvm.dll+0x1e9d60]  (no source info available)
V  [jvm.dll+0x27e1fb]  (no source info available)
V  [jvm.dll+0x27c49a]  (no source info available)
V  [jvm.dll+0x42f456]  (no source info available)
V  [jvm.dll+0x87d76b]  (no source info available)
V  [jvm.dll+0x72ee55]  (no source info available)
C  [ucrtbase.dll+0x214c2]  (no source info available)
C  [KERNEL32.DLL+0x17034]  (no source info available)
C  [ntdll.dll+0x4cec1]  (no source info available)

Lock stack of current Java thread (top to bottom):


---------------  P R O C E S S  ---------------

Threads class SMR info:
_java_thread_list=0x000001c560200b80, length=21, elements={
0x000001c56008de30, 0x000001c560091bd0, 0x000001c56009e5d0, 0x000001c56009ed10,
0x000001c56009f840, 0x000001c5600a0370, 0x000001c5600a11d0, 0x000001c560106800,
0x000001c5601ebfb0, 0x000001c5601f91d0, 0x000001c560ac3290, 0x000001c560ace130,
0x000001c5605c2440, 0x000001c5654cfee0, 0x000001c5654d0620, 0x000001c5481009f0,
0x000001c56029d810, 0x000001c56665f750, 0x000001c56029df60, 0x000001c565505470,
0x000001c565503e80
}

Java Threads: ( => current thread )
  0x000001c56008de30 JavaThread "Reference Handler"          daemon [_thread_blocked, id=10216, stack(0x0000008a59c00000,0x0000008a59d00000) (1024K)]
  0x000001c560091bd0 JavaThread "Finalizer"                  daemon [_thread_blocked, id=7988, stack(0x0000008a59d00000,0x0000008a59e00000) (1024K)]
  0x000001c56009e5d0 JavaThread "Signal Dispatcher"          daemon [_thread_blocked, id=9576, stack(0x0000008a59e00000,0x0000008a59f00000) (1024K)]
  0x000001c56009ed10 JavaThread "Attach Listener"            daemon [_thread_blocked, id=9904, stack(0x0000008a59f00000,0x0000008a5a000000) (1024K)]
  0x000001c56009f840 JavaThread "Service Thread"             daemon [_thread_blocked, id=7308, stack(0x0000008a5a000000,0x0000008a5a100000) (1024K)]
  0x000001c5600a0370 JavaThread "Monitor Deflation Thread"   daemon [_thread_blocked, id=9092, stack(0x0000008a5a100000,0x0000008a5a200000) (1024K)]
=>0x000001c5600a11d0 JavaThread "C2 CompilerThread0"         daemon [_thread_in_native, id=9956, stack(0x0000008a5a200000,0x0000008a5a300000) (1024K)]
  0x000001c560106800 JavaThread "C1 CompilerThread0"         daemon [_thread_blocked, id=9528, stack(0x0000008a5a300000,0x0000008a5a400000) (1024K)]
  0x000001c5601ebfb0 JavaThread "Notification Thread"        daemon [_thread_blocked, id=8656, stack(0x0000008a5a400000,0x0000008a5a500000) (1024K)]
  0x000001c5601f91d0 JavaThread "Common-Cleaner"             daemon [_thread_blocked, id=864, stack(0x0000008a5a500000,0x0000008a5a600000) (1024K)]
  0x000001c560ac3290 JavaThread "Java2D Disposer"            daemon [_thread_blocked, id=1164, stack(0x0000008a5a700000,0x0000008a5a800000) (1024K)]
  0x000001c560ace130 JavaThread "AWT-Windows"                daemon [_thread_blocked, id=7036, stack(0x0000008a5a900000,0x0000008a5aa00000) (1024K)]
  0x000001c5605c2440 JavaThread "TimerQueue"                 daemon [_thread_blocked, id=6200, stack(0x0000008a5a800000,0x0000008a5a900000) (1024K)]
  0x000001c5654cfee0 JavaThread "AWT-Shutdown"                      [_thread_blocked, id=9000, stack(0x0000008a5aa00000,0x0000008a5ab00000) (1024K)]
  0x000001c5654d0620 JavaThread "AWT-EventQueue-0"                  [_thread_blocked, id=2236, stack(0x0000008a5ab00000,0x0000008a5ac00000) (1024K)]
  0x000001c5481009f0 JavaThread "DestroyJavaVM"                     [_thread_blocked, id=10420, stack(0x0000008a59400000,0x0000008a59500000) (1024K)]
  0x000001c56029d810 JavaThread "RxCachedWorkerPoolEvictor-1" daemon [_thread_blocked, id=1612, stack(0x0000008a5ac00000,0x0000008a5ad00000) (1024K)]
  0x000001c56665f750 JavaThread "RxComputationThreadPool-1"  daemon [_thread_blocked, id=10236, stack(0x0000008a5ad00000,0x0000008a5ae00000) (1024K)]
  0x000001c56029df60 JavaThread "jadx-bg-37-1"                      [_thread_blocked, id=8172, stack(0x0000008a5ba00000,0x0000008a5bb00000) (1024K)]
  0x000001c565505470 JavaThread "jadx-task-s-41-1"                  [_thread_blocked, id=1432, stack(0x0000008a59300000,0x0000008a59400000) (1024K)]
  0x000001c565503e80 JavaThread "pool-3-thread-1"                   [_thread_blocked, id=4500, stack(0x0000008a5b000000,0x0000008a5b100000) (1024K)]
Total: 21

Other Threads:
  0x000001c54a36e2e0 VMThread "VM Thread"                           [id=7880, stack(0x0000008a59b00000,0x0000008a59c00000) (1024K)]
  0x000001c56003aa00 WatcherThread "VM Periodic Task Thread"        [id=3496, stack(0x0000008a59a00000,0x0000008a59b00000) (1024K)]
  0x000001c54a2ea980 WorkerThread "GC Thread#0"                     [id=10312, stack(0x0000008a59500000,0x0000008a59600000) (1024K)]
  0x000001c560a77640 WorkerThread "GC Thread#1"                     [id=6116, stack(0x0000008a5a600000,0x0000008a5a700000) (1024K)]
  0x000001c54a2f8ae0 ConcurrentGCThread "G1 Main Marker"            [id=5932, stack(0x0000008a59600000,0x0000008a59700000) (1024K)]
  0x000001c54a2f9500 WorkerThread "G1 Conc#0"                       [id=508, stack(0x0000008a59700000,0x0000008a59800000) (1024K)]
  0x000001c54a3496b0 ConcurrentGCThread "G1 Refine#0"               [id=10292, stack(0x0000008a59800000,0x0000008a59900000) (1024K)]
  0x000001c54a34a140 ConcurrentGCThread "G1 Service"                [id=6260, stack(0x0000008a59900000,0x0000008a59a00000) (1024K)]
Total: 8

Threads with active compile tasks:
C2 CompilerThread0  295733 19688       4       jadx.core.dex.visitors.ExtractFieldInit::filterFieldsInit (236 bytes)
Total: 1

VM state: at safepoint (normal execution)

VM Mutex/Monitor currently owned by a thread:  ([mutex/lock_event])
[0x00007ff8ae8d44b0] Threads_lock - owner thread: 0x000001c54a36e2e0
[0x00007ff8ae8d45b0] Heap_lock - owner thread: 0x000001c565505470

OutOfMemory and StackOverflow Exception counts:
StackOverflowErrors=2
LinkageErrors=99

Heap address: 0x0000000758000000, size: 2688 MB, Compressed Oops mode: Zero based, Oop shift amount: 3

CDS archive(s) not mapped
Compressed class space mapped at: 0x000000003c000000-0x000000007c000000, reserved size: 1073741824
UseCompressedClassPointers 1, UseCompactObjectHeaders 0
Narrow klass pointer bits 32, Max shift 3
Narrow klass base: 0x0000000000000000, Narrow klass shift: 0
Encoding Range: [0x0000000000000000 - 0x0000000100000000), (4294967296 bytes)
Klass Range:    [0x000000003c000000 - 0x000000007c000000), (1073741824 bytes)
Klass ID Range:  [1006632960 - 2080374777) (1073741817)

GC Precious Log:
 CardTable entry size: 512
 Card Set container configuration: InlinePtr #cards 4 size 8 Array Of Cards #cards 16 size 48 Howl #buckets 8 coarsen threshold 3686 Howl Bitmap #cards 512 size 80 coarsen threshold 460 Card regions per heap region 1 cards per card region 4096
 CPUs: 2 total, 2 available
 Memory: 3839M
 Large Page Support: Disabled
 NUMA Support: Disabled
 Compressed Oops: Enabled (Zero based)
 Heap Region Size: 2M
 Heap Min Capacity: 128M
 Heap Initial Capacity: 128M
 Heap Max Capacity: 2688M
 Pre-touch: Disabled
 Parallel Workers: 2
 Concurrent Workers: 1
 Concurrent Refinement Workers: 2
 Periodic GC: Disabled

Heap:
 garbage-first heap   total reserved 2752512K, committed 2357248K, used 1183536K [0x0000000758000000, 0x0000000800000000)
  region size 2048K, 8 young (16384K), 8 survivors (16384K)
 Metaspace       used 59182K, committed 59648K, reserved 1114112K
  class space    used 5879K, committed 6080K, reserved 1048576K

Heap Regions: E=young(eden), S=young(survivor), O=old, HS=humongous(starts), HC=humongous(continues), CS=collection set, F=free, TAMS=top-at-mark-start, PB=parsable bottom
|   0|0x0000000758000000, 0x0000000758200000, 0x0000000758200000|100%|HS|  |TAMS 0x0000000758000000| PB 0x0000000758000000| Complete |  0
|   1|0x0000000758200000, 0x0000000758400000, 0x0000000758400000|100%|HC|  |TAMS 0x0000000758200000| PB 0x0000000758200000| Complete |  0
|   2|0x0000000758400000, 0x0000000758600000, 0x0000000758600000|100%|HC|  |TAMS 0x0000000758400000| PB 0x0000000758400000| Complete |  0
|   3|0x0000000758600000, 0x0000000758800000, 0x0000000758800000|100%|HC|  |TAMS 0x0000000758600000| PB 0x0000000758600000| Complete |  0
|   4|0x0000000758800000, 0x0000000758a00000, 0x0000000758a00000|100%| O|  |TAMS 0x0000000758800000| PB 0x0000000758800000| Untracked |  0
|   5|0x0000000758a00000, 0x0000000758bfffd8, 0x0000000758c00000| 99%| O|  |TAMS 0x0000000758a00000| PB 0x0000000758a00000| Untracked |  0
|   6|0x0000000758c00000, 0x0000000758dffff0, 0x0000000758e00000| 99%| O|  |TAMS 0x0000000758c00000| PB 0x0000000758c00000| Untracked |  0
|   7|0x0000000758e00000, 0x0000000758fffff8, 0x0000000759000000| 99%| O|  |TAMS 0x0000000758e00000| PB 0x0000000758e00000| Untracked |  0
|   8|0x0000000759000000, 0x00000007591fffd8, 0x0000000759200000| 99%| O|  |TAMS 0x0000000759000000| PB 0x0000000759000000| Untracked |  0
|   9|0x0000000759200000, 0x00000007593ffff0, 0x0000000759400000| 99%| O|  |TAMS 0x0000000759200000| PB 0x0000000759200000| Untracked |  0
|  10|0x0000000759400000, 0x0000000759600000, 0x0000000759600000|100%|HS|  |TAMS 0x0000000759400000| PB 0x0000000759400000| Complete |  0
|  11|0x0000000759600000, 0x0000000759800000, 0x0000000759800000|100%|HC|  |TAMS 0x0000000759600000| PB 0x0000000759600000| Complete |  0
|  12|0x0000000759800000, 0x00000007599ffff8, 0x0000000759a00000| 99%| O|  |TAMS 0x0000000759800000| PB 0x0000000759800000| Untracked |  0
|  13|0x0000000759a00000, 0x0000000759c00000, 0x0000000759c00000|100%| O|  |TAMS 0x0000000759a00000| PB 0x0000000759a00000| Untracked |  0
|  14|0x0000000759c00000, 0x0000000759e00000, 0x0000000759e00000|100%| O|  |TAMS 0x0000000759c00000| PB 0x0000000759c00000| Untracked |  0
|  15|0x0000000759e00000, 0x000000075a000000, 0x000000075a000000|100%| O|  |TAMS 0x0000000759e00000| PB 0x0000000759e00000| Untracked |  0
|  16|0x000000075a000000, 0x000000075a200000, 0x000000075a200000|100%| O|  |TAMS 0x000000075a000000| PB 0x000000075a000000| Untracked |  0
|  17|0x000000075a200000, 0x000000075a400000, 0x000000075a400000|100%| O|  |TAMS 0x000000075a200000| PB 0x000000075a200000| Untracked |  0
|  18|0x000000075a400000, 0x000000075a600000, 0x000000075a600000|100%| O|  |TAMS 0x000000075a400000| PB 0x000000075a400000| Untracked |  0
|  19|0x000000075a600000, 0x000000075a7ffff8, 0x000000075a800000| 99%| O|  |TAMS 0x000000075a600000| PB 0x000000075a600000| Untracked |  0
|  20|0x000000075a800000, 0x000000075aa00000, 0x000000075aa00000|100%| O|  |TAMS 0x000000075a800000| PB 0x000000075a800000| Untracked |  0
|  21|0x000000075aa00000, 0x000000075ac00000, 0x000000075ac00000|100%| O|  |TAMS 0x000000075aa00000| PB 0x000000075aa00000| Untracked |  0
|  22|0x000000075ac00000, 0x000000075ae00000, 0x000000075ae00000|100%| O|  |TAMS 0x000000075ac00000| PB 0x000000075ac00000| Untracked |  0
|  23|0x000000075ae00000, 0x000000075affffe0, 0x000000075b000000| 99%| O|  |TAMS 0x000000075ae00000| PB 0x000000075ae00000| Untracked |  0
|  24|0x000000075b000000, 0x000000075b1fffd8, 0x000000075b200000| 99%| O|  |TAMS 0x000000075b000000| PB 0x000000075b000000| Untracked |  0
|  25|0x000000075b200000, 0x000000075b400000, 0x000000075b400000|100%|HS|  |TAMS 0x000000075b200000| PB 0x000000075b200000| Untracked |  0
|  26|0x000000075b400000, 0x000000075b600000, 0x000000075b600000|100%| O|  |TAMS 0x000000075b400000| PB 0x000000075b400000| Untracked |  0
|  27|0x000000075b600000, 0x000000075b800000, 0x000000075b800000|100%| O|  |TAMS 0x000000075b600000| PB 0x000000075b600000| Untracked |  0
|  28|0x000000075b800000, 0x000000075ba00000, 0x000000075ba00000|100%| O|  |TAMS 0x000000075b800000| PB 0x000000075b800000| Untracked |  0
|  29|0x000000075ba00000, 0x000000075bc00000, 0x000000075bc00000|100%| O|  |TAMS 0x000000075ba00000| PB 0x000000075ba00000| Untracked |  0
|  30|0x000000075bc00000, 0x000000075be00000, 0x000000075be00000|100%| O|  |TAMS 0x000000075bc00000| PB 0x000000075bc00000| Untracked |  0
|  31|0x000000075be00000, 0x000000075bfffff8, 0x000000075c000000| 99%| O|  |TAMS 0x000000075be00000| PB 0x000000075be00000| Untracked |  0
|  32|0x000000075c000000, 0x000000075c1fffe8, 0x000000075c200000| 99%| O|  |TAMS 0x000000075c000000| PB 0x000000075c000000| Untracked |  0
|  33|0x000000075c200000, 0x000000075c400000, 0x000000075c400000|100%| O|  |TAMS 0x000000075c200000| PB 0x000000075c200000| Untracked |  0
|  34|0x000000075c400000, 0x000000075c600000, 0x000000075c600000|100%| O|  |TAMS 0x000000075c400000| PB 0x000000075c400000| Untracked |  0
|  35|0x000000075c600000, 0x000000075c800000, 0x000000075c800000|100%| O|  |TAMS 0x000000075c600000| PB 0x000000075c600000| Untracked |  0
|  36|0x000000075c800000, 0x000000075ca00000, 0x000000075ca00000|100%| O|  |TAMS 0x000000075c800000| PB 0x000000075c800000| Untracked |  0
|  37|0x000000075ca00000, 0x000000075cc00000, 0x000000075cc00000|100%| O|  |TAMS 0x000000075ca00000| PB 0x000000075ca00000| Untracked |  0
|  38|0x000000075cc00000, 0x000000075cdffff0, 0x000000075ce00000| 99%| O|  |TAMS 0x000000075cc00000| PB 0x000000075cc00000| Untracked |  0
|  39|0x000000075ce00000, 0x000000075cfffff8, 0x000000075d000000| 99%| O|  |TAMS 0x000000075ce00000| PB 0x000000075ce00000| Untracked |  0
|  40|0x000000075d000000, 0x000000075d200000, 0x000000075d200000|100%| O|  |TAMS 0x000000075d000000| PB 0x000000075d000000| Untracked |  0
|  41|0x000000075d200000, 0x000000075d3ffff8, 0x000000075d400000| 99%| O|  |TAMS 0x000000075d200000| PB 0x000000075d200000| Untracked |  0
|  42|0x000000075d400000, 0x000000075d600000, 0x000000075d600000|100%| O|  |TAMS 0x000000075d400000| PB 0x000000075d400000| Untracked |  0
|  43|0x000000075d600000, 0x000000075d7ffea8, 0x000000075d800000| 99%| O|  |TAMS 0x000000075d600000| PB 0x000000075d600000| Untracked |  0
|  44|0x000000075d800000, 0x000000075d9ffff8, 0x000000075da00000| 99%| O|  |TAMS 0x000000075d800000| PB 0x000000075d800000| Untracked |  0
|  45|0x000000075da00000, 0x000000075dbfffe0, 0x000000075dc00000| 99%| O|  |TAMS 0x000000075da00000| PB 0x000000075da00000| Untracked |  0
|  46|0x000000075dc00000, 0x000000075ddffff8, 0x000000075de00000| 99%| O|  |TAMS 0x000000075dc00000| PB 0x000000075dc00000| Untracked |  0
|  47|0x000000075de00000, 0x000000075e000000, 0x000000075e000000|100%| O|  |TAMS 0x000000075de00000| PB 0x000000075de00000| Untracked |  0
|  48|0x000000075e000000, 0x000000075e1fffe8, 0x000000075e200000| 99%| O|  |TAMS 0x000000075e000000| PB 0x000000075e000000| Untracked |  0
|  49|0x000000075e200000, 0x000000075e3fffc0, 0x000000075e400000| 99%| O|  |TAMS 0x000000075e200000| PB 0x000000075e200000| Untracked |  0
|  50|0x000000075e400000, 0x000000075e5fffc8, 0x000000075e600000| 99%| O|  |TAMS 0x000000075e400000| PB 0x000000075e400000| Untracked |  0
|  51|0x000000075e600000, 0x000000075e7ffff0, 0x000000075e800000| 99%| O|  |TAMS 0x000000075e600000| PB 0x000000075e600000| Untracked |  0
|  52|0x000000075e800000, 0x000000075ea00000, 0x000000075ea00000|100%| O|  |TAMS 0x000000075e800000| PB 0x000000075e800000| Untracked |  0
|  53|0x000000075ea00000, 0x000000075ec00000, 0x000000075ec00000|100%| O|  |TAMS 0x000000075ea00000| PB 0x000000075ea00000| Untracked |  0
|  54|0x000000075ec00000, 0x000000075ee00000, 0x000000075ee00000|100%| O|  |TAMS 0x000000075ec00000| PB 0x000000075ec00000| Untracked |  0
|  55|0x000000075ee00000, 0x000000075f000000, 0x000000075f000000|100%| O|  |TAMS 0x000000075ee00000| PB 0x000000075ee00000| Untracked |  0
|  56|0x000000075f000000, 0x000000075f200000, 0x000000075f200000|100%| O|  |TAMS 0x000000075f000000| PB 0x000000075f000000| Untracked |  0
|  57|0x000000075f200000, 0x000000075f400000, 0x000000075f400000|100%| O|  |TAMS 0x000000075f200000| PB 0x000000075f200000| Untracked |  0
|  58|0x000000075f400000, 0x000000075f600000, 0x000000075f600000|100%| O|  |TAMS 0x000000075f400000| PB 0x000000075f400000| Untracked |  0
|  59|0x000000075f600000, 0x000000075f800000, 0x000000075f800000|100%| O|  |TAMS 0x000000075f600000| PB 0x000000075f600000| Untracked |  0
|  60|0x000000075f800000, 0x000000075fa00000, 0x000000075fa00000|100%| O|  |TAMS 0x000000075f800000| PB 0x000000075f800000| Untracked |  0
|  61|0x000000075fa00000, 0x000000075fc00000, 0x000000075fc00000|100%| O|  |TAMS 0x000000075fa00000| PB 0x000000075fa00000| Untracked |  0
|  62|0x000000075fc00000, 0x000000075fe00000, 0x000000075fe00000|100%| O|  |TAMS 0x000000075fc00000| PB 0x000000075fc00000| Untracked |  0
|  63|0x000000075fe00000, 0x0000000760000000, 0x0000000760000000|100%| O|  |TAMS 0x000000075fe00000| PB 0x000000075fe00000| Untracked |  0
|  64|0x0000000760000000, 0x00000007601ffff0, 0x0000000760200000| 99%| O|  |TAMS 0x0000000760000000| PB 0x0000000760000000| Untracked |  0
|  65|0x0000000760200000, 0x00000007603ffff0, 0x0000000760400000| 99%| O|  |TAMS 0x0000000760200000| PB 0x0000000760200000| Untracked |  0
|  66|0x0000000760400000, 0x00000007605ffff8, 0x0000000760600000| 99%| O|  |TAMS 0x0000000760400000| PB 0x0000000760400000| Untracked |  0
|  67|0x0000000760600000, 0x00000007607fffc8, 0x0000000760800000| 99%| O|  |TAMS 0x0000000760600000| PB 0x0000000760600000| Untracked |  0
|  68|0x0000000760800000, 0x00000007609f7e20, 0x0000000760a00000| 98%| O|  |TAMS 0x0000000760800000| PB 0x0000000760800000| Untracked |  0
|  69|0x0000000760a00000, 0x0000000760bfffe8, 0x0000000760c00000| 99%| O|  |TAMS 0x0000000760a00000| PB 0x0000000760a00000| Untracked |  0
|  70|0x0000000760c00000, 0x0000000760dfbdf0, 0x0000000760e00000| 99%| O|  |TAMS 0x0000000760c00000| PB 0x0000000760c00000| Untracked |  0
|  71|0x0000000760e00000, 0x0000000760fd8aa8, 0x0000000761000000| 92%| O|  |TAMS 0x0000000760e00000| PB 0x0000000760e00000| Untracked |  0
|  72|0x0000000761000000, 0x00000007611ffff8, 0x0000000761200000| 99%| O|  |TAMS 0x0000000761000000| PB 0x0000000761000000| Untracked |  0
|  73|0x0000000761200000, 0x0000000761400000, 0x0000000761400000|100%| O|  |TAMS 0x0000000761200000| PB 0x0000000761200000| Untracked |  0
|  74|0x0000000761400000, 0x0000000761600000, 0x0000000761600000|100%| O|  |TAMS 0x0000000761400000| PB 0x0000000761400000| Untracked |  0
|  75|0x0000000761600000, 0x0000000761800000, 0x0000000761800000|100%| O|  |TAMS 0x0000000761600000| PB 0x0000000761600000| Untracked |  0
|  76|0x0000000761800000, 0x0000000761a00000, 0x0000000761a00000|100%| O|  |TAMS 0x0000000761800000| PB 0x0000000761800000| Untracked |  0
|  77|0x0000000761a00000, 0x0000000761c00000, 0x0000000761c00000|100%| O|  |TAMS 0x0000000761a00000| PB 0x0000000761a00000| Untracked |  0
|  78|0x0000000761c00000, 0x0000000761e00000, 0x0000000761e00000|100%| O|  |TAMS 0x0000000761c00000| PB 0x0000000761c00000| Untracked |  0
|  79|0x0000000761e00000, 0x0000000762000000, 0x0000000762000000|100%| O|  |TAMS 0x0000000761e00000| PB 0x0000000761e00000| Untracked |  0
|  80|0x0000000762000000, 0x0000000762200000, 0x0000000762200000|100%|HS|  |TAMS 0x0000000762000000| PB 0x0000000762000000| Complete |  0
|  81|0x0000000762200000, 0x0000000762400000, 0x0000000762400000|100%|HC|  |TAMS 0x0000000762200000| PB 0x0000000762200000| Complete |  0
|  82|0x0000000762400000, 0x0000000762600000, 0x0000000762600000|100%|HC|  |TAMS 0x0000000762400000| PB 0x0000000762400000| Complete |  0
|  83|0x0000000762600000, 0x0000000762800000, 0x0000000762800000|100%|HC|  |TAMS 0x0000000762600000| PB 0x0000000762600000| Complete |  0
|  84|0x0000000762800000, 0x0000000762a00000, 0x0000000762a00000|100%|HC|  |TAMS 0x0000000762800000| PB 0x0000000762800000| Complete |  0
|  85|0x0000000762a00000, 0x0000000762c00000, 0x0000000762c00000|100%|HC|  |TAMS 0x0000000762a00000| PB 0x0000000762a00000| Complete |  0
|  86|0x0000000762c00000, 0x0000000762e00000, 0x0000000762e00000|100%|HC|  |TAMS 0x0000000762c00000| PB 0x0000000762c00000| Complete |  0
|  87|0x0000000762e00000, 0x0000000763000000, 0x0000000763000000|100%| O|  |TAMS 0x0000000762e00000| PB 0x0000000762e00000| Untracked |  0
|  88|0x0000000763000000, 0x0000000763200000, 0x0000000763200000|100%| O|  |TAMS 0x0000000763000000| PB 0x0000000763000000| Untracked |  0
|  89|0x0000000763200000, 0x0000000763400000, 0x0000000763400000|100%| O|  |TAMS 0x0000000763200000| PB 0x0000000763200000| Untracked |  0
|  90|0x0000000763400000, 0x0000000763600000, 0x0000000763600000|100%| O|  |TAMS 0x0000000763400000| PB 0x0000000763400000| Untracked |  0
|  91|0x0000000763600000, 0x0000000763800000, 0x0000000763800000|100%| O|  |TAMS 0x0000000763600000| PB 0x0000000763600000| Untracked |  0
|  92|0x0000000763800000, 0x0000000763a00000, 0x0000000763a00000|100%| O|  |TAMS 0x0000000763800000| PB 0x0000000763800000| Untracked |  0
|  93|0x0000000763a00000, 0x0000000763c00000, 0x0000000763c00000|100%| O|  |TAMS 0x0000000763a00000| PB 0x0000000763a00000| Untracked |  0
|  94|0x0000000763c00000, 0x0000000763e00000, 0x0000000763e00000|100%| O|  |TAMS 0x0000000763c00000| PB 0x0000000763c00000| Untracked |  0
|  95|0x0000000763e00000, 0x0000000764000000, 0x0000000764000000|100%| O|  |TAMS 0x0000000763e00000| PB 0x0000000763e00000| Untracked |  0
|  96|0x0000000764000000, 0x0000000764200000, 0x0000000764200000|100%| O|  |TAMS 0x0000000764000000| PB 0x0000000764000000| Untracked |  0
|  97|0x0000000764200000, 0x0000000764400000, 0x0000000764400000|100%| O|  |TAMS 0x0000000764200000| PB 0x0000000764200000| Untracked |  0
|  98|0x0000000764400000, 0x0000000764600000, 0x0000000764600000|100%| O|  |TAMS 0x0000000764400000| PB 0x0000000764400000| Untracked |  0
|  99|0x0000000764600000, 0x0000000764800000, 0x0000000764800000|100%| O|  |TAMS 0x0000000764600000| PB 0x0000000764600000| Untracked |  0
| 100|0x0000000764800000, 0x0000000764a00000, 0x0000000764a00000|100%| O|  |TAMS 0x0000000764800000| PB 0x0000000764800000| Untracked |  0
| 101|0x0000000764a00000, 0x0000000764c00000, 0x0000000764c00000|100%| O|  |TAMS 0x0000000764a00000| PB 0x0000000764a00000| Untracked |  0
| 102|0x0000000764c00000, 0x0000000764e00000, 0x0000000764e00000|100%| O|  |TAMS 0x0000000764c00000| PB 0x0000000764c00000| Untracked |  0
| 103|0x0000000764e00000, 0x0000000765000000, 0x0000000765000000|100%| O|  |TAMS 0x0000000764e00000| PB 0x0000000764e00000| Untracked |  0
| 104|0x0000000765000000, 0x0000000765200000, 0x0000000765200000|100%| O|  |TAMS 0x0000000765000000| PB 0x0000000765000000| Untracked |  0
| 105|0x0000000765200000, 0x0000000765400000, 0x0000000765400000|100%| O|  |TAMS 0x0000000765200000| PB 0x0000000765200000| Untracked |  0
| 106|0x0000000765400000, 0x0000000765600000, 0x0000000765600000|100%| O|  |TAMS 0x0000000765400000| PB 0x0000000765400000| Untracked |  0
| 107|0x0000000765600000, 0x0000000765800000, 0x0000000765800000|100%| O|  |TAMS 0x0000000765600000| PB 0x0000000765600000| Untracked |  0
| 108|0x0000000765800000, 0x0000000765a00000, 0x0000000765a00000|100%| O|  |TAMS 0x0000000765800000| PB 0x0000000765800000| Untracked |  0
| 109|0x0000000765a00000, 0x0000000765c00000, 0x0000000765c00000|100%| O|  |TAMS 0x0000000765a00000| PB 0x0000000765a00000| Untracked |  0
| 110|0x0000000765c00000, 0x0000000765e00000, 0x0000000765e00000|100%| O|  |TAMS 0x0000000765c00000| PB 0x0000000765c00000| Untracked |  0
| 111|0x0000000765e00000, 0x0000000766000000, 0x0000000766000000|100%| O|  |TAMS 0x0000000765e00000| PB 0x0000000765e00000| Untracked |  0
| 112|0x0000000766000000, 0x0000000766200000, 0x0000000766200000|100%| O|  |TAMS 0x0000000766000000| PB 0x0000000766000000| Untracked |  0
| 113|0x0000000766200000, 0x0000000766400000, 0x0000000766400000|100%| O|  |TAMS 0x0000000766200000| PB 0x0000000766200000| Untracked |  0
| 114|0x0000000766400000, 0x0000000766600000, 0x0000000766600000|100%| O|  |TAMS 0x0000000766400000| PB 0x0000000766400000| Untracked |  0
| 115|0x0000000766600000, 0x0000000766800000, 0x0000000766800000|100%| O|  |TAMS 0x0000000766600000| PB 0x0000000766600000| Untracked |  0
| 116|0x0000000766800000, 0x0000000766a00000, 0x0000000766a00000|100%| O|  |TAMS 0x0000000766800000| PB 0x0000000766800000| Untracked |  0
| 117|0x0000000766a00000, 0x0000000766c00000, 0x0000000766c00000|100%| O|  |TAMS 0x0000000766a00000| PB 0x0000000766a00000| Untracked |  0
| 118|0x0000000766c00000, 0x0000000766e00000, 0x0000000766e00000|100%| O|  |TAMS 0x0000000766c00000| PB 0x0000000766c00000| Untracked |  0
| 119|0x0000000766e00000, 0x0000000767000000, 0x0000000767000000|100%| O|  |TAMS 0x0000000766e00000| PB 0x0000000766e00000| Untracked |  0
| 120|0x0000000767000000, 0x0000000767200000, 0x0000000767200000|100%| O|  |TAMS 0x0000000767000000| PB 0x0000000767000000| Untracked |  0
| 121|0x0000000767200000, 0x0000000767400000, 0x0000000767400000|100%| O|  |TAMS 0x0000000767200000| PB 0x0000000767200000| Untracked |  0
| 122|0x0000000767400000, 0x0000000767600000, 0x0000000767600000|100%| O|  |TAMS 0x0000000767400000| PB 0x0000000767400000| Untracked |  0
| 123|0x0000000767600000, 0x0000000767800000, 0x0000000767800000|100%| O|  |TAMS 0x0000000767600000| PB 0x0000000767600000| Untracked |  0
| 124|0x0000000767800000, 0x0000000767a00000, 0x0000000767a00000|100%| O|  |TAMS 0x0000000767800000| PB 0x0000000767800000| Untracked |  0
| 125|0x0000000767a00000, 0x0000000767c00000, 0x0000000767c00000|100%| O|  |TAMS 0x0000000767a00000| PB 0x0000000767a00000| Untracked |  0
| 126|0x0000000767c00000, 0x0000000767e00000, 0x0000000767e00000|100%| O|  |TAMS 0x0000000767c00000| PB 0x0000000767c00000| Untracked |  0
| 127|0x0000000767e00000, 0x0000000768000000, 0x0000000768000000|100%| O|  |TAMS 0x0000000767e00000| PB 0x0000000767e00000| Untracked |  0
| 128|0x0000000768000000, 0x0000000768200000, 0x0000000768200000|100%| O|  |TAMS 0x0000000768000000| PB 0x0000000768000000| Untracked |  0
| 129|0x0000000768200000, 0x0000000768400000, 0x0000000768400000|100%| O|  |TAMS 0x0000000768200000| PB 0x0000000768200000| Untracked |  0
| 130|0x0000000768400000, 0x0000000768600000, 0x0000000768600000|100%| O|  |TAMS 0x0000000768400000| PB 0x0000000768400000| Untracked |  0
| 131|0x0000000768600000, 0x0000000768800000, 0x0000000768800000|100%| O|  |TAMS 0x0000000768600000| PB 0x0000000768600000| Untracked |  0
| 132|0x0000000768800000, 0x0000000768a00000, 0x0000000768a00000|100%| O|  |TAMS 0x0000000768800000| PB 0x0000000768800000| Untracked |  0
| 133|0x0000000768a00000, 0x0000000768c00000, 0x0000000768c00000|100%| O|  |TAMS 0x0000000768a00000| PB 0x0000000768a00000| Untracked |  0
| 134|0x0000000768c00000, 0x0000000768e00000, 0x0000000768e00000|100%| O|  |TAMS 0x0000000768c00000| PB 0x0000000768c00000| Untracked |  0
| 135|0x0000000768e00000, 0x0000000769000000, 0x0000000769000000|100%| O|  |TAMS 0x0000000768e00000| PB 0x0000000768e00000| Untracked |  0
| 136|0x0000000769000000, 0x0000000769200000, 0x0000000769200000|100%| O|  |TAMS 0x0000000769000000| PB 0x0000000769000000| Untracked |  0
| 137|0x0000000769200000, 0x0000000769400000, 0x0000000769400000|100%| O|  |TAMS 0x0000000769200000| PB 0x0000000769200000| Untracked |  0
| 138|0x0000000769400000, 0x0000000769600000, 0x0000000769600000|100%| O|  |TAMS 0x0000000769400000| PB 0x0000000769400000| Untracked |  0
| 139|0x0000000769600000, 0x0000000769800000, 0x0000000769800000|100%| O|  |TAMS 0x0000000769600000| PB 0x0000000769600000| Untracked |  0
| 140|0x0000000769800000, 0x0000000769a00000, 0x0000000769a00000|100%| O|  |TAMS 0x0000000769800000| PB 0x0000000769800000| Untracked |  0
| 141|0x0000000769a00000, 0x0000000769c00000, 0x0000000769c00000|100%| O|  |TAMS 0x0000000769a00000| PB 0x0000000769a00000| Untracked |  0
| 142|0x0000000769c00000, 0x0000000769e00000, 0x0000000769e00000|100%| O|  |TAMS 0x0000000769c00000| PB 0x0000000769c00000| Untracked |  0
| 143|0x0000000769e00000, 0x000000076a000000, 0x000000076a000000|100%| O|  |TAMS 0x0000000769e00000| PB 0x0000000769e00000| Untracked |  0
| 144|0x000000076a000000, 0x000000076a200000, 0x000000076a200000|100%| O|  |TAMS 0x000000076a000000| PB 0x000000076a000000| Untracked |  0
| 145|0x000000076a200000, 0x000000076a400000, 0x000000076a400000|100%| O|  |TAMS 0x000000076a200000| PB 0x000000076a200000| Untracked |  0
| 146|0x000000076a400000, 0x000000076a600000, 0x000000076a600000|100%| O|  |TAMS 0x000000076a400000| PB 0x000000076a400000| Untracked |  0
| 147|0x000000076a600000, 0x000000076a800000, 0x000000076a800000|100%| O|  |TAMS 0x000000076a600000| PB 0x000000076a600000| Untracked |  0
| 148|0x000000076a800000, 0x000000076aa00000, 0x000000076aa00000|100%| O|  |TAMS 0x000000076a800000| PB 0x000000076a800000| Untracked |  0
| 149|0x000000076aa00000, 0x000000076ac00000, 0x000000076ac00000|100%| O|  |TAMS 0x000000076aa00000| PB 0x000000076aa00000| Untracked |  0
| 150|0x000000076ac00000, 0x000000076ae00000, 0x000000076ae00000|100%| O|  |TAMS 0x000000076ac00000| PB 0x000000076ac00000| Untracked |  0
| 151|0x000000076ae00000, 0x000000076b000000, 0x000000076b000000|100%| O|  |TAMS 0x000000076ae00000| PB 0x000000076ae00000| Untracked |  0
| 152|0x000000076b000000, 0x000000076b200000, 0x000000076b200000|100%| O|  |TAMS 0x000000076b000000| PB 0x000000076b000000| Untracked |  0
| 153|0x000000076b200000, 0x000000076b400000, 0x000000076b400000|100%| O|  |TAMS 0x000000076b200000| PB 0x000000076b200000| Untracked |  0
| 154|0x000000076b400000, 0x000000076b600000, 0x000000076b600000|100%| O|  |TAMS 0x000000076b400000| PB 0x000000076b400000| Untracked |  0
| 155|0x000000076b600000, 0x000000076b800000, 0x000000076b800000|100%| O|  |TAMS 0x000000076b600000| PB 0x000000076b600000| Untracked |  0
| 156|0x000000076b800000, 0x000000076ba00000, 0x000000076ba00000|100%| O|  |TAMS 0x000000076b800000| PB 0x000000076b800000| Untracked |  0
| 157|0x000000076ba00000, 0x000000076bc00000, 0x000000076bc00000|100%| O|  |TAMS 0x000000076ba00000| PB 0x000000076ba00000| Untracked |  0
| 158|0x000000076bc00000, 0x000000076be00000, 0x000000076be00000|100%| O|  |TAMS 0x000000076bc00000| PB 0x000000076bc00000| Untracked |  0
| 159|0x000000076be00000, 0x000000076c000000, 0x000000076c000000|100%| O|  |TAMS 0x000000076be00000| PB 0x000000076be00000| Untracked |  0
| 160|0x000000076c000000, 0x000000076c200000, 0x000000076c200000|100%| O|  |TAMS 0x000000076c000000| PB 0x000000076c000000| Untracked |  0
| 161|0x000000076c200000, 0x000000076c400000, 0x000000076c400000|100%| O|  |TAMS 0x000000076c200000| PB 0x000000076c200000| Untracked |  0
| 162|0x000000076c400000, 0x000000076c600000, 0x000000076c600000|100%| O|  |TAMS 0x000000076c400000| PB 0x000000076c400000| Untracked |  0
| 163|0x000000076c600000, 0x000000076c800000, 0x000000076c800000|100%| O|  |TAMS 0x000000076c600000| PB 0x000000076c600000| Untracked |  0
| 164|0x000000076c800000, 0x000000076ca00000, 0x000000076ca00000|100%| O|  |TAMS 0x000000076c800000| PB 0x000000076c800000| Untracked |  0
| 165|0x000000076ca00000, 0x000000076cc00000, 0x000000076cc00000|100%| O|  |TAMS 0x000000076ca00000| PB 0x000000076ca00000| Untracked |  0
| 166|0x000000076cc00000, 0x000000076ce00000, 0x000000076ce00000|100%| O|  |TAMS 0x000000076cc00000| PB 0x000000076cc00000| Untracked |  0
| 167|0x000000076ce00000, 0x000000076d000000, 0x000000076d000000|100%| O|  |TAMS 0x000000076ce00000| PB 0x000000076ce00000| Untracked |  0
| 168|0x000000076d000000, 0x000000076d200000, 0x000000076d200000|100%| O|  |TAMS 0x000000076d000000| PB 0x000000076d000000| Untracked |  0
| 169|0x000000076d200000, 0x000000076d400000, 0x000000076d400000|100%| O|  |TAMS 0x000000076d200000| PB 0x000000076d200000| Untracked |  0
| 170|0x000000076d400000, 0x000000076d600000, 0x000000076d600000|100%| O|  |TAMS 0x000000076d400000| PB 0x000000076d400000| Untracked |  0
| 171|0x000000076d600000, 0x000000076d800000, 0x000000076d800000|100%| O|  |TAMS 0x000000076d600000| PB 0x000000076d600000| Untracked |  0
| 172|0x000000076d800000, 0x000000076da00000, 0x000000076da00000|100%| O|  |TAMS 0x000000076d800000| PB 0x000000076d800000| Untracked |  0
| 173|0x000000076da00000, 0x000000076dc00000, 0x000000076dc00000|100%| O|  |TAMS 0x000000076da00000| PB 0x000000076da00000| Untracked |  0
| 174|0x000000076dc00000, 0x000000076de00000, 0x000000076de00000|100%| O|  |TAMS 0x000000076dc00000| PB 0x000000076dc00000| Untracked |  0
| 175|0x000000076de00000, 0x000000076e000000, 0x000000076e000000|100%| O|  |TAMS 0x000000076de00000| PB 0x000000076de00000| Untracked |  0
| 176|0x000000076e000000, 0x000000076e200000, 0x000000076e200000|100%| O|  |TAMS 0x000000076e000000| PB 0x000000076e000000| Untracked |  0
| 177|0x000000076e200000, 0x000000076e400000, 0x000000076e400000|100%| O|  |TAMS 0x000000076e200000| PB 0x000000076e200000| Untracked |  0
| 178|0x000000076e400000, 0x000000076e600000, 0x000000076e600000|100%| O|  |TAMS 0x000000076e400000| PB 0x000000076e400000| Untracked |  0
| 179|0x000000076e600000, 0x000000076e800000, 0x000000076e800000|100%| O|  |TAMS 0x000000076e600000| PB 0x000000076e600000| Untracked |  0
| 180|0x000000076e800000, 0x000000076ea00000, 0x000000076ea00000|100%| O|  |TAMS 0x000000076e800000| PB 0x000000076e800000| Untracked |  0
| 181|0x000000076ea00000, 0x000000076ec00000, 0x000000076ec00000|100%| O|  |TAMS 0x000000076ea00000| PB 0x000000076ea00000| Untracked |  0
| 182|0x000000076ec00000, 0x000000076ee00000, 0x000000076ee00000|100%| O|  |TAMS 0x000000076ec00000| PB 0x000000076ec00000| Untracked |  0
| 183|0x000000076ee00000, 0x000000076f000000, 0x000000076f000000|100%| O|  |TAMS 0x000000076ee00000| PB 0x000000076ee00000| Untracked |  0
| 184|0x000000076f000000, 0x000000076f200000, 0x000000076f200000|100%| O|  |TAMS 0x000000076f000000| PB 0x000000076f000000| Untracked |  0
| 185|0x000000076f200000, 0x000000076f400000, 0x000000076f400000|100%| O|  |TAMS 0x000000076f200000| PB 0x000000076f200000| Untracked |  0
| 186|0x000000076f400000, 0x000000076f600000, 0x000000076f600000|100%| O|  |TAMS 0x000000076f400000| PB 0x000000076f400000| Untracked |  0
| 187|0x000000076f600000, 0x000000076f800000, 0x000000076f800000|100%| O|  |TAMS 0x000000076f600000| PB 0x000000076f600000| Untracked |  0
| 188|0x000000076f800000, 0x000000076fa00000, 0x000000076fa00000|100%| O|  |TAMS 0x000000076f800000| PB 0x000000076f800000| Untracked |  0
| 189|0x000000076fa00000, 0x000000076fc00000, 0x000000076fc00000|100%| O|  |TAMS 0x000000076fa00000| PB 0x000000076fa00000| Untracked |  0
| 190|0x000000076fc00000, 0x000000076fe00000, 0x000000076fe00000|100%| O|  |TAMS 0x000000076fc00000| PB 0x000000076fc00000| Untracked |  0
| 191|0x000000076fe00000, 0x0000000770000000, 0x0000000770000000|100%| O|  |TAMS 0x000000076fe00000| PB 0x000000076fe00000| Untracked |  0
| 192|0x0000000770000000, 0x0000000770200000, 0x0000000770200000|100%| O|  |TAMS 0x0000000770000000| PB 0x0000000770000000| Untracked |  0
| 193|0x0000000770200000, 0x0000000770400000, 0x0000000770400000|100%|HS|  |TAMS 0x0000000770200000| PB 0x0000000770200000| Complete |  0
| 194|0x0000000770400000, 0x0000000770600000, 0x0000000770600000|100%|HC|  |TAMS 0x0000000770400000| PB 0x0000000770400000| Complete |  0
| 195|0x0000000770600000, 0x0000000770800000, 0x0000000770800000|100%|HC|  |TAMS 0x0000000770600000| PB 0x0000000770600000| Complete |  0
| 196|0x0000000770800000, 0x0000000770a00000, 0x0000000770a00000|100%|HC|  |TAMS 0x0000000770800000| PB 0x0000000770800000| Complete |  0
| 197|0x0000000770a00000, 0x0000000770c00000, 0x0000000770c00000|100%|HC|  |TAMS 0x0000000770a00000| PB 0x0000000770a00000| Complete |  0
| 198|0x0000000770c00000, 0x0000000770e00000, 0x0000000770e00000|100%|HC|  |TAMS 0x0000000770c00000| PB 0x0000000770c00000| Complete |  0
| 199|0x0000000770e00000, 0x0000000771000000, 0x0000000771000000|100%|HC|  |TAMS 0x0000000770e00000| PB 0x0000000770e00000| Complete |  0
| 200|0x0000000771000000, 0x0000000771200000, 0x0000000771200000|100%|HC|  |TAMS 0x0000000771000000| PB 0x0000000771000000| Complete |  0
| 201|0x0000000771200000, 0x0000000771400000, 0x0000000771400000|100%|HC|  |TAMS 0x0000000771200000| PB 0x0000000771200000| Complete |  0
| 202|0x0000000771400000, 0x0000000771600000, 0x0000000771600000|100%|HC|  |TAMS 0x0000000771400000| PB 0x0000000771400000| Complete |  0
| 203|0x0000000771600000, 0x0000000771800000, 0x0000000771800000|100%|HC|  |TAMS 0x0000000771600000| PB 0x0000000771600000| Complete |  0
| 204|0x0000000771800000, 0x0000000771a00000, 0x0000000771a00000|100%|HC|  |TAMS 0x0000000771800000| PB 0x0000000771800000| Complete |  0
| 205|0x0000000771a00000, 0x0000000771c00000, 0x0000000771c00000|100%|HC|  |TAMS 0x0000000771a00000| PB 0x0000000771a00000| Complete |  0
| 206|0x0000000771c00000, 0x0000000771e00000, 0x0000000771e00000|100%|HC|  |TAMS 0x0000000771c00000| PB 0x0000000771c00000| Complete |  0
| 207|0x0000000771e00000, 0x0000000772000000, 0x0000000772000000|100%|HC|  |TAMS 0x0000000771e00000| PB 0x0000000771e00000| Complete |  0
| 208|0x0000000772000000, 0x0000000772200000, 0x0000000772200000|100%|HC|  |TAMS 0x0000000772000000| PB 0x0000000772000000| Complete |  0
| 209|0x0000000772200000, 0x0000000772400000, 0x0000000772400000|100%|HC|  |TAMS 0x0000000772200000| PB 0x0000000772200000| Complete |  0
| 210|0x0000000772400000, 0x0000000772600000, 0x0000000772600000|100%|HC|  |TAMS 0x0000000772400000| PB 0x0000000772400000| Complete |  0
| 211|0x0000000772600000, 0x0000000772800000, 0x0000000772800000|100%|HC|  |TAMS 0x0000000772600000| PB 0x0000000772600000| Complete |  0
| 212|0x0000000772800000, 0x0000000772a00000, 0x0000000772a00000|100%|HC|  |TAMS 0x0000000772800000| PB 0x0000000772800000| Complete |  0
| 213|0x0000000772a00000, 0x0000000772c00000, 0x0000000772c00000|100%|HC|  |TAMS 0x0000000772a00000| PB 0x0000000772a00000| Complete |  0
| 214|0x0000000772c00000, 0x0000000772e00000, 0x0000000772e00000|100%|HC|  |TAMS 0x0000000772c00000| PB 0x0000000772c00000| Complete |  0
| 215|0x0000000772e00000, 0x0000000773000000, 0x0000000773000000|100%|HC|  |TAMS 0x0000000772e00000| PB 0x0000000772e00000| Complete |  0
| 216|0x0000000773000000, 0x0000000773200000, 0x0000000773200000|100%|HC|  |TAMS 0x0000000773000000| PB 0x0000000773000000| Complete |  0
| 217|0x0000000773200000, 0x0000000773400000, 0x0000000773400000|100%|HC|  |TAMS 0x0000000773200000| PB 0x0000000773200000| Complete |  0
| 218|0x0000000773400000, 0x0000000773600000, 0x0000000773600000|100%|HC|  |TAMS 0x0000000773400000| PB 0x0000000773400000| Complete |  0
| 219|0x0000000773600000, 0x0000000773800000, 0x0000000773800000|100%|HC|  |TAMS 0x0000000773600000| PB 0x0000000773600000| Complete |  0
| 220|0x0000000773800000, 0x0000000773a00000, 0x0000000773a00000|100%|HC|  |TAMS 0x0000000773800000| PB 0x0000000773800000| Complete |  0
| 221|0x0000000773a00000, 0x0000000773c00000, 0x0000000773c00000|100%|HC|  |TAMS 0x0000000773a00000| PB 0x0000000773a00000| Complete |  0
| 222|0x0000000773c00000, 0x0000000773e00000, 0x0000000773e00000|100%|HC|  |TAMS 0x0000000773c00000| PB 0x0000000773c00000| Complete |  0
| 223|0x0000000773e00000, 0x0000000774000000, 0x0000000774000000|100%|HC|  |TAMS 0x0000000773e00000| PB 0x0000000773e00000| Complete |  0
| 224|0x0000000774000000, 0x0000000774200000, 0x0000000774200000|100%|HC|  |TAMS 0x0000000774000000| PB 0x0000000774000000| Complete |  0
| 225|0x0000000774200000, 0x0000000774400000, 0x0000000774400000|100%|HC|  |TAMS 0x0000000774200000| PB 0x0000000774200000| Complete |  0
| 226|0x0000000774400000, 0x0000000774600000, 0x0000000774600000|100%|HC|  |TAMS 0x0000000774400000| PB 0x0000000774400000| Complete |  0
| 227|0x0000000774600000, 0x0000000774800000, 0x0000000774800000|100%|HC|  |TAMS 0x0000000774600000| PB 0x0000000774600000| Complete |  0
| 228|0x0000000774800000, 0x0000000774a00000, 0x0000000774a00000|100%|HC|  |TAMS 0x0000000774800000| PB 0x0000000774800000| Complete |  0
| 229|0x0000000774a00000, 0x0000000774c00000, 0x0000000774c00000|100%|HC|  |TAMS 0x0000000774a00000| PB 0x0000000774a00000| Complete |  0
| 230|0x0000000774c00000, 0x0000000774e00000, 0x0000000774e00000|100%|HC|  |TAMS 0x0000000774c00000| PB 0x0000000774c00000| Complete |  0
| 231|0x0000000774e00000, 0x0000000775000000, 0x0000000775000000|100%|HC|  |TAMS 0x0000000774e00000| PB 0x0000000774e00000| Complete |  0
| 232|0x0000000775000000, 0x0000000775200000, 0x0000000775200000|100%| O|  |TAMS 0x0000000775000000| PB 0x0000000775000000| Untracked |  0
| 233|0x0000000775200000, 0x0000000775400000, 0x0000000775400000|100%| O|  |TAMS 0x0000000775200000| PB 0x0000000775200000| Untracked |  0
| 234|0x0000000775400000, 0x0000000775600000, 0x0000000775600000|100%| O|  |TAMS 0x0000000775400000| PB 0x0000000775400000| Untracked |  0
| 235|0x0000000775600000, 0x0000000775800000, 0x0000000775800000|100%| O|  |TAMS 0x0000000775600000| PB 0x0000000775600000| Untracked |  0
| 236|0x0000000775800000, 0x0000000775a00000, 0x0000000775a00000|100%| O|  |TAMS 0x0000000775800000| PB 0x0000000775800000| Untracked |  0
| 237|0x0000000775a00000, 0x0000000775c00000, 0x0000000775c00000|100%| O|  |TAMS 0x0000000775a00000| PB 0x0000000775a00000| Untracked |  0
| 238|0x0000000775c00000, 0x0000000775e00000, 0x0000000775e00000|100%| O|  |TAMS 0x0000000775c00000| PB 0x0000000775c00000| Untracked |  0
| 239|0x0000000775e00000, 0x0000000776000000, 0x0000000776000000|100%| O|  |TAMS 0x0000000775e00000| PB 0x0000000775e00000| Untracked |  0
| 240|0x0000000776000000, 0x0000000776200000, 0x0000000776200000|100%| O|  |TAMS 0x0000000776000000| PB 0x0000000776000000| Untracked |  0
| 241|0x0000000776200000, 0x0000000776400000, 0x0000000776400000|100%| O|  |TAMS 0x0000000776200000| PB 0x0000000776200000| Untracked |  0
| 242|0x0000000776400000, 0x0000000776600000, 0x0000000776600000|100%| O|  |TAMS 0x0000000776400000| PB 0x0000000776400000| Untracked |  0
| 243|0x0000000776600000, 0x0000000776800000, 0x0000000776800000|100%| O|  |TAMS 0x0000000776600000| PB 0x0000000776600000| Untracked |  0
| 244|0x0000000776800000, 0x0000000776a00000, 0x0000000776a00000|100%| O|  |TAMS 0x0000000776800000| PB 0x0000000776800000| Untracked |  0
| 245|0x0000000776a00000, 0x0000000776c00000, 0x0000000776c00000|100%| O|  |TAMS 0x0000000776a00000| PB 0x0000000776a00000| Untracked |  0
| 246|0x0000000776c00000, 0x0000000776e00000, 0x0000000776e00000|100%| O|  |TAMS 0x0000000776c00000| PB 0x0000000776c00000| Untracked |  0
| 247|0x0000000776e00000, 0x0000000777000000, 0x0000000777000000|100%| O|  |TAMS 0x0000000776e00000| PB 0x0000000776e00000| Untracked |  0
| 248|0x0000000777000000, 0x0000000777200000, 0x0000000777200000|100%| O|  |TAMS 0x0000000777000000| PB 0x0000000777000000| Untracked |  0
| 249|0x0000000777200000, 0x0000000777400000, 0x0000000777400000|100%| O|  |TAMS 0x0000000777200000| PB 0x0000000777200000| Untracked |  0
| 250|0x0000000777400000, 0x0000000777600000, 0x0000000777600000|100%| O|  |TAMS 0x0000000777400000| PB 0x0000000777400000| Untracked |  0
| 251|0x0000000777600000, 0x0000000777800000, 0x0000000777800000|100%| O|  |TAMS 0x0000000777600000| PB 0x0000000777600000| Untracked |  0
| 252|0x0000000777800000, 0x0000000777a00000, 0x0000000777a00000|100%| O|  |TAMS 0x0000000777800000| PB 0x0000000777800000| Untracked |  0
| 253|0x0000000777a00000, 0x0000000777c00000, 0x0000000777c00000|100%| O|  |TAMS 0x0000000777a00000| PB 0x0000000777a00000| Untracked |  0
| 254|0x0000000777c00000, 0x0000000777e00000, 0x0000000777e00000|100%| O|  |TAMS 0x0000000777c00000| PB 0x0000000777c00000| Untracked |  0
| 255|0x0000000777e00000, 0x0000000778000000, 0x0000000778000000|100%| O|  |TAMS 0x0000000777e00000| PB 0x0000000777e00000| Untracked |  0
| 256|0x0000000778000000, 0x0000000778200000, 0x0000000778200000|100%| O|  |TAMS 0x0000000778000000| PB 0x0000000778000000| Untracked |  0
| 257|0x0000000778200000, 0x0000000778400000, 0x0000000778400000|100%| O|  |TAMS 0x0000000778200000| PB 0x0000000778200000| Untracked |  0
| 258|0x0000000778400000, 0x0000000778600000, 0x0000000778600000|100%| O|  |TAMS 0x0000000778400000| PB 0x0000000778400000| Untracked |  0
| 259|0x0000000778600000, 0x0000000778800000, 0x0000000778800000|100%| O|  |TAMS 0x0000000778600000| PB 0x0000000778600000| Untracked |  0
| 260|0x0000000778800000, 0x0000000778a00000, 0x0000000778a00000|100%| O|  |TAMS 0x0000000778800000| PB 0x0000000778800000| Untracked |  0
| 261|0x0000000778a00000, 0x0000000778c00000, 0x0000000778c00000|100%| O|  |TAMS 0x0000000778a00000| PB 0x0000000778a00000| Untracked |  0
| 262|0x0000000778c00000, 0x0000000778e00000, 0x0000000778e00000|100%| O|  |TAMS 0x0000000778c00000| PB 0x0000000778c00000| Untracked |  0
| 263|0x0000000778e00000, 0x0000000779000000, 0x0000000779000000|100%| O|  |TAMS 0x0000000778e00000| PB 0x0000000778e00000| Untracked |  0
| 264|0x0000000779000000, 0x0000000779200000, 0x0000000779200000|100%| O|  |TAMS 0x0000000779000000| PB 0x0000000779000000| Untracked |  0
| 265|0x0000000779200000, 0x0000000779400000, 0x0000000779400000|100%| O|  |TAMS 0x0000000779200000| PB 0x0000000779200000| Untracked |  0
| 266|0x0000000779400000, 0x0000000779600000, 0x0000000779600000|100%| O|  |TAMS 0x0000000779400000| PB 0x0000000779400000| Untracked |  0
| 267|0x0000000779600000, 0x0000000779800000, 0x0000000779800000|100%| O|  |TAMS 0x0000000779600000| PB 0x0000000779600000| Untracked |  0
| 268|0x0000000779800000, 0x0000000779a00000, 0x0000000779a00000|100%| O|  |TAMS 0x0000000779800000| PB 0x0000000779800000| Untracked |  0
| 269|0x0000000779a00000, 0x0000000779c00000, 0x0000000779c00000|100%| O|  |TAMS 0x0000000779a00000| PB 0x0000000779a00000| Untracked |  0
| 270|0x0000000779c00000, 0x0000000779e00000, 0x0000000779e00000|100%| O|  |TAMS 0x0000000779c00000| PB 0x0000000779c00000| Untracked |  0
| 271|0x0000000779e00000, 0x000000077a000000, 0x000000077a000000|100%| O|  |TAMS 0x0000000779e00000| PB 0x0000000779e00000| Untracked |  0
| 272|0x000000077a000000, 0x000000077a200000, 0x000000077a200000|100%| O|  |TAMS 0x000000077a000000| PB 0x000000077a000000| Untracked |  0
| 273|0x000000077a200000, 0x000000077a400000, 0x000000077a400000|100%| O|  |TAMS 0x000000077a200000| PB 0x000000077a200000| Untracked |  0
| 274|0x000000077a400000, 0x000000077a600000, 0x000000077a600000|100%| O|  |TAMS 0x000000077a400000| PB 0x000000077a400000| Untracked |  0
| 275|0x000000077a600000, 0x000000077a800000, 0x000000077a800000|100%| O|  |TAMS 0x000000077a600000| PB 0x000000077a600000| Untracked |  0
| 276|0x000000077a800000, 0x000000077aa00000, 0x000000077aa00000|100%| O|  |TAMS 0x000000077a800000| PB 0x000000077a800000| Untracked |  0
| 277|0x000000077aa00000, 0x000000077ac00000, 0x000000077ac00000|100%| O|  |TAMS 0x000000077aa00000| PB 0x000000077aa00000| Untracked |  0
| 278|0x000000077ac00000, 0x000000077ae00000, 0x000000077ae00000|100%| O|  |TAMS 0x000000077ac00000| PB 0x000000077ac00000| Untracked |  0
| 279|0x000000077ae00000, 0x000000077b000000, 0x000000077b000000|100%| O|  |TAMS 0x000000077ae00000| PB 0x000000077ae00000| Untracked |  0
| 280|0x000000077b000000, 0x000000077b200000, 0x000000077b200000|100%| O|  |TAMS 0x000000077b000000| PB 0x000000077b000000| Untracked |  0
| 281|0x000000077b200000, 0x000000077b400000, 0x000000077b400000|100%| O|  |TAMS 0x000000077b200000| PB 0x000000077b200000| Untracked |  0
| 282|0x000000077b400000, 0x000000077b600000, 0x000000077b600000|100%| O|  |TAMS 0x000000077b400000| PB 0x000000077b400000| Untracked |  0
| 283|0x000000077b600000, 0x000000077b800000, 0x000000077b800000|100%| O|  |TAMS 0x000000077b600000| PB 0x000000077b600000| Untracked |  0
| 284|0x000000077b800000, 0x000000077ba00000, 0x000000077ba00000|100%| O|  |TAMS 0x000000077b800000| PB 0x000000077b800000| Untracked |  0
| 285|0x000000077ba00000, 0x000000077bc00000, 0x000000077bc00000|100%| O|  |TAMS 0x000000077ba00000| PB 0x000000077ba00000| Untracked |  0
| 286|0x000000077bc00000, 0x000000077be00000, 0x000000077be00000|100%| O|  |TAMS 0x000000077bc00000| PB 0x000000077bc00000| Untracked |  0
| 287|0x000000077be00000, 0x000000077c000000, 0x000000077c000000|100%| O|  |TAMS 0x000000077be00000| PB 0x000000077be00000| Untracked |  0
| 288|0x000000077c000000, 0x000000077c200000, 0x000000077c200000|100%| O|  |TAMS 0x000000077c000000| PB 0x000000077c000000| Untracked |  0
| 289|0x000000077c200000, 0x000000077c400000, 0x000000077c400000|100%| O|  |TAMS 0x000000077c200000| PB 0x000000077c200000| Untracked |  0
| 290|0x000000077c400000, 0x000000077c600000, 0x000000077c600000|100%| O|  |TAMS 0x000000077c400000| PB 0x000000077c400000| Untracked |  0
| 291|0x000000077c600000, 0x000000077c800000, 0x000000077c800000|100%| O|  |TAMS 0x000000077c600000| PB 0x000000077c600000| Untracked |  0
| 292|0x000000077c800000, 0x000000077ca00000, 0x000000077ca00000|100%| O|  |TAMS 0x000000077c800000| PB 0x000000077c800000| Untracked |  0
| 293|0x000000077ca00000, 0x000000077cc00000, 0x000000077cc00000|100%| O|  |TAMS 0x000000077ca00000| PB 0x000000077ca00000| Untracked |  0
| 294|0x000000077cc00000, 0x000000077ce00000, 0x000000077ce00000|100%| O|  |TAMS 0x000000077cc00000| PB 0x000000077cc00000| Untracked |  0
| 295|0x000000077ce00000, 0x000000077d000000, 0x000000077d000000|100%| O|  |TAMS 0x000000077ce00000| PB 0x000000077ce00000| Untracked |  0
| 296|0x000000077d000000, 0x000000077d200000, 0x000000077d200000|100%| O|  |TAMS 0x000000077d000000| PB 0x000000077d000000| Untracked |  0
| 297|0x000000077d200000, 0x000000077d400000, 0x000000077d400000|100%| O|  |TAMS 0x000000077d200000| PB 0x000000077d200000| Untracked |  0
| 298|0x000000077d400000, 0x000000077d600000, 0x000000077d600000|100%| O|  |TAMS 0x000000077d400000| PB 0x000000077d400000| Untracked |  0
| 299|0x000000077d600000, 0x000000077d800000, 0x000000077d800000|100%| O|  |TAMS 0x000000077d600000| PB 0x000000077d600000| Untracked |  0
| 300|0x000000077d800000, 0x000000077da00000, 0x000000077da00000|100%| O|  |TAMS 0x000000077d800000| PB 0x000000077d800000| Untracked |  0
| 301|0x000000077da00000, 0x000000077dc00000, 0x000000077dc00000|100%| O|  |TAMS 0x000000077da00000| PB 0x000000077da00000| Untracked |  0
| 302|0x000000077dc00000, 0x000000077de00000, 0x000000077de00000|100%| O|  |TAMS 0x000000077dc00000| PB 0x000000077dc00000| Untracked |  0
| 303|0x000000077de00000, 0x000000077e000000, 0x000000077e000000|100%| O|  |TAMS 0x000000077de00000| PB 0x000000077de00000| Untracked |  0
| 304|0x000000077e000000, 0x000000077e200000, 0x000000077e200000|100%| O|  |TAMS 0x000000077e000000| PB 0x000000077e000000| Untracked |  0
| 305|0x000000077e200000, 0x000000077e400000, 0x000000077e400000|100%| O|  |TAMS 0x000000077e200000| PB 0x000000077e200000| Untracked |  0
| 306|0x000000077e400000, 0x000000077e600000, 0x000000077e600000|100%| O|  |TAMS 0x000000077e400000| PB 0x000000077e400000| Untracked |  0
| 307|0x000000077e600000, 0x000000077e800000, 0x000000077e800000|100%| O|  |TAMS 0x000000077e600000| PB 0x000000077e600000| Untracked |  0
| 308|0x000000077e800000, 0x000000077ea00000, 0x000000077ea00000|100%| O|  |TAMS 0x000000077e800000| PB 0x000000077e800000| Untracked |  0
| 309|0x000000077ea00000, 0x000000077ec00000, 0x000000077ec00000|100%| O|  |TAMS 0x000000077ea00000| PB 0x000000077ea00000| Untracked |  0
| 310|0x000000077ec00000, 0x000000077ee00000, 0x000000077ee00000|100%| O|  |TAMS 0x000000077ec00000| PB 0x000000077ec00000| Untracked |  0
| 311|0x000000077ee00000, 0x000000077f000000, 0x000000077f000000|100%| O|  |TAMS 0x000000077ee00000| PB 0x000000077ee00000| Untracked |  0
| 312|0x000000077f000000, 0x000000077f200000, 0x000000077f200000|100%| O|  |TAMS 0x000000077f000000| PB 0x000000077f000000| Untracked |  0
| 313|0x000000077f200000, 0x000000077f400000, 0x000000077f400000|100%| O|  |TAMS 0x000000077f200000| PB 0x000000077f200000| Untracked |  0
| 314|0x000000077f400000, 0x000000077f600000, 0x000000077f600000|100%| O|  |TAMS 0x000000077f400000| PB 0x000000077f400000| Untracked |  0
| 315|0x000000077f600000, 0x000000077f800000, 0x000000077f800000|100%| O|  |TAMS 0x000000077f600000| PB 0x000000077f600000| Untracked |  0
| 316|0x000000077f800000, 0x000000077fa00000, 0x000000077fa00000|100%| O|  |TAMS 0x000000077f800000| PB 0x000000077f800000| Untracked |  0
| 317|0x000000077fa00000, 0x000000077fc00000, 0x000000077fc00000|100%| O|  |TAMS 0x000000077fa00000| PB 0x000000077fa00000| Untracked |  0
| 318|0x000000077fc00000, 0x000000077fe00000, 0x000000077fe00000|100%| O|  |TAMS 0x000000077fc00000| PB 0x000000077fc00000| Untracked |  0
| 319|0x000000077fe00000, 0x0000000780000000, 0x0000000780000000|100%| O|  |TAMS 0x000000077fe00000| PB 0x000000077fe00000| Untracked |  0
| 320|0x0000000780000000, 0x0000000780200000, 0x0000000780200000|100%| O|  |TAMS 0x0000000780000000| PB 0x0000000780000000| Untracked |  0
| 321|0x0000000780200000, 0x0000000780400000, 0x0000000780400000|100%| O|  |TAMS 0x0000000780200000| PB 0x0000000780200000| Untracked |  0
| 322|0x0000000780400000, 0x0000000780600000, 0x0000000780600000|100%| O|  |TAMS 0x0000000780400000| PB 0x0000000780400000| Untracked |  0
| 323|0x0000000780600000, 0x0000000780800000, 0x0000000780800000|100%| O|  |TAMS 0x0000000780600000| PB 0x0000000780600000| Untracked |  0
| 324|0x0000000780800000, 0x0000000780a00000, 0x0000000780a00000|100%| O|  |TAMS 0x0000000780800000| PB 0x0000000780800000| Untracked |  0
| 325|0x0000000780a00000, 0x0000000780c00000, 0x0000000780c00000|100%| O|  |TAMS 0x0000000780a00000| PB 0x0000000780a00000| Untracked |  0
| 326|0x0000000780c00000, 0x0000000780e00000, 0x0000000780e00000|100%| O|  |TAMS 0x0000000780c00000| PB 0x0000000780c00000| Untracked |  0
| 327|0x0000000780e00000, 0x0000000781000000, 0x0000000781000000|100%| O|  |TAMS 0x0000000780e00000| PB 0x0000000780e00000| Untracked |  0
| 328|0x0000000781000000, 0x0000000781200000, 0x0000000781200000|100%| O|  |TAMS 0x0000000781000000| PB 0x0000000781000000| Untracked |  0
| 329|0x0000000781200000, 0x0000000781400000, 0x0000000781400000|100%| O|  |TAMS 0x0000000781200000| PB 0x0000000781200000| Untracked |  0
| 330|0x0000000781400000, 0x0000000781600000, 0x0000000781600000|100%| O|  |TAMS 0x0000000781400000| PB 0x0000000781400000| Untracked |  0
| 331|0x0000000781600000, 0x0000000781800000, 0x0000000781800000|100%| O|  |TAMS 0x0000000781600000| PB 0x0000000781600000| Untracked |  0
| 332|0x0000000781800000, 0x0000000781a00000, 0x0000000781a00000|100%| O|  |TAMS 0x0000000781800000| PB 0x0000000781800000| Untracked |  0
| 333|0x0000000781a00000, 0x0000000781c00000, 0x0000000781c00000|100%| O|  |TAMS 0x0000000781a00000| PB 0x0000000781a00000| Untracked |  0
| 334|0x0000000781c00000, 0x0000000781e00000, 0x0000000781e00000|100%| O|  |TAMS 0x0000000781c00000| PB 0x0000000781c00000| Untracked |  0
| 335|0x0000000781e00000, 0x0000000782000000, 0x0000000782000000|100%| O|  |TAMS 0x0000000781e00000| PB 0x0000000781e00000| Untracked |  0
| 336|0x0000000782000000, 0x0000000782200000, 0x0000000782200000|100%| O|  |TAMS 0x0000000782000000| PB 0x0000000782000000| Untracked |  0
| 337|0x0000000782200000, 0x0000000782400000, 0x0000000782400000|100%| O|  |TAMS 0x0000000782200000| PB 0x0000000782200000| Untracked |  0
| 338|0x0000000782400000, 0x0000000782600000, 0x0000000782600000|100%| O|  |TAMS 0x0000000782400000| PB 0x0000000782400000| Untracked |  0
| 339|0x0000000782600000, 0x0000000782800000, 0x0000000782800000|100%| O|  |TAMS 0x0000000782600000| PB 0x0000000782600000| Untracked |  0
| 340|0x0000000782800000, 0x0000000782a00000, 0x0000000782a00000|100%| O|  |TAMS 0x0000000782800000| PB 0x0000000782800000| Untracked |  0
| 341|0x0000000782a00000, 0x0000000782c00000, 0x0000000782c00000|100%| O|  |TAMS 0x0000000782a00000| PB 0x0000000782a00000| Untracked |  0
| 342|0x0000000782c00000, 0x0000000782e00000, 0x0000000782e00000|100%| O|  |TAMS 0x0000000782c00000| PB 0x0000000782c00000| Untracked |  0
| 343|0x0000000782e00000, 0x0000000783000000, 0x0000000783000000|100%| O|  |TAMS 0x0000000782e00000| PB 0x0000000782e00000| Untracked |  0
| 344|0x0000000783000000, 0x0000000783200000, 0x0000000783200000|100%| O|  |TAMS 0x0000000783000000| PB 0x0000000783000000| Untracked |  0
| 345|0x0000000783200000, 0x0000000783400000, 0x0000000783400000|100%| O|  |TAMS 0x0000000783200000| PB 0x0000000783200000| Untracked |  0
| 346|0x0000000783400000, 0x0000000783600000, 0x0000000783600000|100%| O|  |TAMS 0x0000000783400000| PB 0x0000000783400000| Untracked |  0
| 347|0x0000000783600000, 0x0000000783800000, 0x0000000783800000|100%| O|  |TAMS 0x0000000783600000| PB 0x0000000783600000| Untracked |  0
| 348|0x0000000783800000, 0x0000000783a00000, 0x0000000783a00000|100%| O|  |TAMS 0x0000000783800000| PB 0x0000000783800000| Untracked |  0
| 349|0x0000000783a00000, 0x0000000783c00000, 0x0000000783c00000|100%| O|  |TAMS 0x0000000783a00000| PB 0x0000000783a00000| Untracked |  0
| 350|0x0000000783c00000, 0x0000000783e00000, 0x0000000783e00000|100%| O|  |TAMS 0x0000000783c00000| PB 0x0000000783c00000| Untracked |  0
| 351|0x0000000783e00000, 0x0000000784000000, 0x0000000784000000|100%| O|  |TAMS 0x0000000783e00000| PB 0x0000000783e00000| Untracked |  0
| 352|0x0000000784000000, 0x0000000784200000, 0x0000000784200000|100%| O|  |TAMS 0x0000000784000000| PB 0x0000000784000000| Untracked |  0
| 353|0x0000000784200000, 0x0000000784400000, 0x0000000784400000|100%| O|  |TAMS 0x0000000784200000| PB 0x0000000784200000| Untracked |  0
| 354|0x0000000784400000, 0x0000000784600000, 0x0000000784600000|100%| O|  |TAMS 0x0000000784400000| PB 0x0000000784400000| Untracked |  0
| 355|0x0000000784600000, 0x0000000784800000, 0x0000000784800000|100%| O|  |TAMS 0x0000000784600000| PB 0x0000000784600000| Untracked |  0
| 356|0x0000000784800000, 0x0000000784a00000, 0x0000000784a00000|100%| O|  |TAMS 0x0000000784800000| PB 0x0000000784800000| Untracked |  0
| 357|0x0000000784a00000, 0x0000000784c00000, 0x0000000784c00000|100%| O|  |TAMS 0x0000000784a00000| PB 0x0000000784a00000| Untracked |  0
| 358|0x0000000784c00000, 0x0000000784e00000, 0x0000000784e00000|100%| O|  |TAMS 0x0000000784c00000| PB 0x0000000784c00000| Untracked |  0
| 359|0x0000000784e00000, 0x0000000785000000, 0x0000000785000000|100%| O|  |TAMS 0x0000000784e00000| PB 0x0000000784e00000| Untracked |  0
| 360|0x0000000785000000, 0x0000000785200000, 0x0000000785200000|100%| O|  |TAMS 0x0000000785000000| PB 0x0000000785000000| Untracked |  0
| 361|0x0000000785200000, 0x0000000785400000, 0x0000000785400000|100%| O|  |TAMS 0x0000000785200000| PB 0x0000000785200000| Untracked |  0
| 362|0x0000000785400000, 0x0000000785600000, 0x0000000785600000|100%| O|  |TAMS 0x0000000785400000| PB 0x0000000785400000| Untracked |  0
| 363|0x0000000785600000, 0x0000000785800000, 0x0000000785800000|100%| O|  |TAMS 0x0000000785600000| PB 0x0000000785600000| Untracked |  0
| 364|0x0000000785800000, 0x0000000785a00000, 0x0000000785a00000|100%| O|  |TAMS 0x0000000785800000| PB 0x0000000785800000| Untracked |  0
| 365|0x0000000785a00000, 0x0000000785c00000, 0x0000000785c00000|100%| O|  |TAMS 0x0000000785a00000| PB 0x0000000785a00000| Untracked |  0
| 366|0x0000000785c00000, 0x0000000785e00000, 0x0000000785e00000|100%| O|  |TAMS 0x0000000785c00000| PB 0x0000000785c00000| Untracked |  0
| 367|0x0000000785e00000, 0x0000000786000000, 0x0000000786000000|100%|HS|  |TAMS 0x0000000785e00000| PB 0x0000000785e00000| Complete |  0
| 368|0x0000000786000000, 0x0000000786200000, 0x0000000786200000|100%|HC|  |TAMS 0x0000000786000000| PB 0x0000000786000000| Complete |  0
| 369|0x0000000786200000, 0x0000000786400000, 0x0000000786400000|100%|HC|  |TAMS 0x0000000786200000| PB 0x0000000786200000| Complete |  0
| 370|0x0000000786400000, 0x0000000786600000, 0x0000000786600000|100%| O|  |TAMS 0x0000000786400000| PB 0x0000000786400000| Untracked |  0
| 371|0x0000000786600000, 0x0000000786800000, 0x0000000786800000|100%| O|  |TAMS 0x0000000786600000| PB 0x0000000786600000| Untracked |  0
| 372|0x0000000786800000, 0x0000000786a00000, 0x0000000786a00000|100%| O|  |TAMS 0x0000000786800000| PB 0x0000000786800000| Untracked |  0
| 373|0x0000000786a00000, 0x0000000786c00000, 0x0000000786c00000|100%| O|  |TAMS 0x0000000786a00000| PB 0x0000000786a00000| Untracked |  0
| 374|0x0000000786c00000, 0x0000000786e00000, 0x0000000786e00000|100%| O|  |TAMS 0x0000000786c00000| PB 0x0000000786c00000| Untracked |  0
| 375|0x0000000786e00000, 0x0000000787000000, 0x0000000787000000|100%| O|  |TAMS 0x0000000786e00000| PB 0x0000000786e00000| Untracked |  0
| 376|0x0000000787000000, 0x0000000787200000, 0x0000000787200000|100%| O|  |TAMS 0x0000000787000000| PB 0x0000000787000000| Untracked |  0
| 377|0x0000000787200000, 0x0000000787400000, 0x0000000787400000|100%| O|  |TAMS 0x0000000787200000| PB 0x0000000787200000| Untracked |  0
| 378|0x0000000787400000, 0x0000000787600000, 0x0000000787600000|100%| O|  |TAMS 0x0000000787400000| PB 0x0000000787400000| Untracked |  0
| 379|0x0000000787600000, 0x0000000787800000, 0x0000000787800000|100%| O|  |TAMS 0x0000000787600000| PB 0x0000000787600000| Untracked |  0
| 380|0x0000000787800000, 0x0000000787a00000, 0x0000000787a00000|100%| O|  |TAMS 0x0000000787800000| PB 0x0000000787800000| Untracked |  0
| 381|0x0000000787a00000, 0x0000000787c00000, 0x0000000787c00000|100%| O|  |TAMS 0x0000000787a00000| PB 0x0000000787a00000| Untracked |  0
| 382|0x0000000787c00000, 0x0000000787e00000, 0x0000000787e00000|100%| O|  |TAMS 0x0000000787c00000| PB 0x0000000787c00000| Untracked |  0
| 383|0x0000000787e00000, 0x0000000788000000, 0x0000000788000000|100%| O|  |TAMS 0x0000000787e00000| PB 0x0000000787e00000| Untracked |  0
| 384|0x0000000788000000, 0x0000000788200000, 0x0000000788200000|100%| O|  |TAMS 0x0000000788000000| PB 0x0000000788000000| Untracked |  0
| 385|0x0000000788200000, 0x0000000788400000, 0x0000000788400000|100%| O|  |TAMS 0x0000000788200000| PB 0x0000000788200000| Untracked |  0
| 386|0x0000000788400000, 0x0000000788600000, 0x0000000788600000|100%| O|  |TAMS 0x0000000788400000| PB 0x0000000788400000| Untracked |  0
| 387|0x0000000788600000, 0x0000000788800000, 0x0000000788800000|100%| O|  |TAMS 0x0000000788600000| PB 0x0000000788600000| Untracked |  0
| 388|0x0000000788800000, 0x0000000788a00000, 0x0000000788a00000|100%| O|  |TAMS 0x0000000788800000| PB 0x0000000788800000| Untracked |  0
| 389|0x0000000788a00000, 0x0000000788c00000, 0x0000000788c00000|100%| O|  |TAMS 0x0000000788a00000| PB 0x0000000788a00000| Untracked |  0
| 390|0x0000000788c00000, 0x0000000788e00000, 0x0000000788e00000|100%| O|  |TAMS 0x0000000788c00000| PB 0x0000000788c00000| Untracked |  0
| 391|0x0000000788e00000, 0x0000000789000000, 0x0000000789000000|100%| O|  |TAMS 0x0000000788e00000| PB 0x0000000788e00000| Untracked |  0
| 392|0x0000000789000000, 0x0000000789200000, 0x0000000789200000|100%| O|  |TAMS 0x0000000789000000| PB 0x0000000789000000| Untracked |  0
| 393|0x0000000789200000, 0x0000000789400000, 0x0000000789400000|100%| O|  |TAMS 0x0000000789200000| PB 0x0000000789200000| Untracked |  0
| 394|0x0000000789400000, 0x0000000789600000, 0x0000000789600000|100%| O|  |TAMS 0x0000000789400000| PB 0x0000000789400000| Untracked |  0
| 395|0x0000000789600000, 0x0000000789800000, 0x0000000789800000|100%| O|  |TAMS 0x0000000789600000| PB 0x0000000789600000| Untracked |  0
| 396|0x0000000789800000, 0x0000000789a00000, 0x0000000789a00000|100%| O|  |TAMS 0x0000000789800000| PB 0x0000000789800000| Untracked |  0
| 397|0x0000000789a00000, 0x0000000789c00000, 0x0000000789c00000|100%| O|  |TAMS 0x0000000789a00000| PB 0x0000000789a00000| Untracked |  0
| 398|0x0000000789c00000, 0x0000000789e00000, 0x0000000789e00000|100%| O|  |TAMS 0x0000000789c00000| PB 0x0000000789c00000| Untracked |  0
| 399|0x0000000789e00000, 0x000000078a000000, 0x000000078a000000|100%| O|  |TAMS 0x0000000789e00000| PB 0x0000000789e00000| Untracked |  0
| 400|0x000000078a000000, 0x000000078a200000, 0x000000078a200000|100%| O|  |TAMS 0x000000078a000000| PB 0x000000078a000000| Untracked |  0
| 401|0x000000078a200000, 0x000000078a400000, 0x000000078a400000|100%| O|  |TAMS 0x000000078a200000| PB 0x000000078a200000| Untracked |  0
| 402|0x000000078a400000, 0x000000078a600000, 0x000000078a600000|100%| O|  |TAMS 0x000000078a400000| PB 0x000000078a400000| Untracked |  0
| 403|0x000000078a600000, 0x000000078a800000, 0x000000078a800000|100%| O|  |TAMS 0x000000078a600000| PB 0x000000078a600000| Untracked |  0
| 404|0x000000078a800000, 0x000000078aa00000, 0x000000078aa00000|100%| O|  |TAMS 0x000000078a800000| PB 0x000000078a800000| Untracked |  0
| 405|0x000000078aa00000, 0x000000078ac00000, 0x000000078ac00000|100%| O|  |TAMS 0x000000078aa00000| PB 0x000000078aa00000| Untracked |  0
| 406|0x000000078ac00000, 0x000000078ae00000, 0x000000078ae00000|100%| O|  |TAMS 0x000000078ac00000| PB 0x000000078ac00000| Untracked |  0
| 407|0x000000078ae00000, 0x000000078b000000, 0x000000078b000000|100%| O|  |TAMS 0x000000078ae00000| PB 0x000000078ae00000| Untracked |  0
| 408|0x000000078b000000, 0x000000078b200000, 0x000000078b200000|100%| O|  |TAMS 0x000000078b000000| PB 0x000000078b000000| Untracked |  0
| 409|0x000000078b200000, 0x000000078b400000, 0x000000078b400000|100%| O|  |TAMS 0x000000078b200000| PB 0x000000078b200000| Untracked |  0
| 410|0x000000078b400000, 0x000000078b600000, 0x000000078b600000|100%| O|  |TAMS 0x000000078b400000| PB 0x000000078b400000| Untracked |  0
| 411|0x000000078b600000, 0x000000078b800000, 0x000000078b800000|100%| O|  |TAMS 0x000000078b600000| PB 0x000000078b600000| Untracked |  0
| 412|0x000000078b800000, 0x000000078ba00000, 0x000000078ba00000|100%| O|  |TAMS 0x000000078b800000| PB 0x000000078b800000| Untracked |  0
| 413|0x000000078ba00000, 0x000000078bc00000, 0x000000078bc00000|100%| O|  |TAMS 0x000000078ba00000| PB 0x000000078ba00000| Untracked |  0
| 414|0x000000078bc00000, 0x000000078be00000, 0x000000078be00000|100%| O|  |TAMS 0x000000078bc00000| PB 0x000000078bc00000| Untracked |  0
| 415|0x000000078be00000, 0x000000078c000000, 0x000000078c000000|100%| O|  |TAMS 0x000000078be00000| PB 0x000000078be00000| Untracked |  0
| 416|0x000000078c000000, 0x000000078c200000, 0x000000078c200000|100%| O|  |TAMS 0x000000078c000000| PB 0x000000078c000000| Untracked |  0
| 417|0x000000078c200000, 0x000000078c400000, 0x000000078c400000|100%| O|  |TAMS 0x000000078c200000| PB 0x000000078c200000| Untracked |  0
| 418|0x000000078c400000, 0x000000078c600000, 0x000000078c600000|100%| O|  |TAMS 0x000000078c400000| PB 0x000000078c400000| Untracked |  0
| 419|0x000000078c600000, 0x000000078c800000, 0x000000078c800000|100%| O|  |TAMS 0x000000078c600000| PB 0x000000078c600000| Untracked |  0
| 420|0x000000078c800000, 0x000000078ca00000, 0x000000078ca00000|100%| O|  |TAMS 0x000000078c800000| PB 0x000000078c800000| Untracked |  0
| 421|0x000000078ca00000, 0x000000078cc00000, 0x000000078cc00000|100%| O|  |TAMS 0x000000078ca00000| PB 0x000000078ca00000| Untracked |  0
| 422|0x000000078cc00000, 0x000000078ce00000, 0x000000078ce00000|100%| O|  |TAMS 0x000000078cc00000| PB 0x000000078cc00000| Untracked |  0
| 423|0x000000078ce00000, 0x000000078d000000, 0x000000078d000000|100%| O|  |TAMS 0x000000078ce00000| PB 0x000000078ce00000| Untracked |  0
| 424|0x000000078d000000, 0x000000078d200000, 0x000000078d200000|100%| O|  |TAMS 0x000000078d000000| PB 0x000000078d000000| Untracked |  0
| 425|0x000000078d200000, 0x000000078d400000, 0x000000078d400000|100%| O|  |TAMS 0x000000078d200000| PB 0x000000078d200000| Untracked |  0
| 426|0x000000078d400000, 0x000000078d600000, 0x000000078d600000|100%| O|  |TAMS 0x000000078d400000| PB 0x000000078d400000| Untracked |  0
| 427|0x000000078d600000, 0x000000078d800000, 0x000000078d800000|100%| O|  |TAMS 0x000000078d600000| PB 0x000000078d600000| Untracked |  0
| 428|0x000000078d800000, 0x000000078da00000, 0x000000078da00000|100%| O|  |TAMS 0x000000078d800000| PB 0x000000078d800000| Untracked |  0
| 429|0x000000078da00000, 0x000000078dc00000, 0x000000078dc00000|100%| O|  |TAMS 0x000000078da00000| PB 0x000000078da00000| Untracked |  0
| 430|0x000000078dc00000, 0x000000078de00000, 0x000000078de00000|100%| O|  |TAMS 0x000000078dc00000| PB 0x000000078dc00000| Untracked |  0
| 431|0x000000078de00000, 0x000000078e000000, 0x000000078e000000|100%| O|  |TAMS 0x000000078de00000| PB 0x000000078de00000| Untracked |  0
| 432|0x000000078e000000, 0x000000078e200000, 0x000000078e200000|100%| O|  |TAMS 0x000000078e000000| PB 0x000000078e000000| Untracked |  0
| 433|0x000000078e200000, 0x000000078e400000, 0x000000078e400000|100%| O|  |TAMS 0x000000078e200000| PB 0x000000078e200000| Untracked |  0
| 434|0x000000078e400000, 0x000000078e600000, 0x000000078e600000|100%| O|  |TAMS 0x000000078e400000| PB 0x000000078e400000| Untracked |  0
| 435|0x000000078e600000, 0x000000078e800000, 0x000000078e800000|100%| O|  |TAMS 0x000000078e600000| PB 0x000000078e600000| Untracked |  0
| 436|0x000000078e800000, 0x000000078ea00000, 0x000000078ea00000|100%| O|  |TAMS 0x000000078e800000| PB 0x000000078e800000| Untracked |  0
| 437|0x000000078ea00000, 0x000000078ec00000, 0x000000078ec00000|100%| O|  |TAMS 0x000000078ea00000| PB 0x000000078ea00000| Untracked |  0
| 438|0x000000078ec00000, 0x000000078ee00000, 0x000000078ee00000|100%| O|  |TAMS 0x000000078ec00000| PB 0x000000078ec00000| Untracked |  0
| 439|0x000000078ee00000, 0x000000078f000000, 0x000000078f000000|100%| O|  |TAMS 0x000000078ee00000| PB 0x000000078ee00000| Untracked |  0
| 440|0x000000078f000000, 0x000000078f200000, 0x000000078f200000|100%| O|  |TAMS 0x000000078f000000| PB 0x000000078f000000| Untracked |  0
| 441|0x000000078f200000, 0x000000078f400000, 0x000000078f400000|100%| O|  |TAMS 0x000000078f200000| PB 0x000000078f200000| Untracked |  0
| 442|0x000000078f400000, 0x000000078f600000, 0x000000078f600000|100%| O|  |TAMS 0x000000078f400000| PB 0x000000078f400000| Untracked |  0
| 443|0x000000078f600000, 0x000000078f800000, 0x000000078f800000|100%| O|  |TAMS 0x000000078f600000| PB 0x000000078f600000| Untracked |  0
| 444|0x000000078f800000, 0x000000078fa00000, 0x000000078fa00000|100%| O|  |TAMS 0x000000078f800000| PB 0x000000078f800000| Untracked |  0
| 445|0x000000078fa00000, 0x000000078fc00000, 0x000000078fc00000|100%| O|  |TAMS 0x000000078fa00000| PB 0x000000078fa00000| Untracked |  0
| 446|0x000000078fc00000, 0x000000078fe00000, 0x000000078fe00000|100%| O|  |TAMS 0x000000078fc00000| PB 0x000000078fc00000| Untracked |  0
| 447|0x000000078fe00000, 0x0000000790000000, 0x0000000790000000|100%| O|  |TAMS 0x000000078fe00000| PB 0x000000078fe00000| Untracked |  0
| 448|0x0000000790000000, 0x0000000790200000, 0x0000000790200000|100%| O|  |TAMS 0x0000000790000000| PB 0x0000000790000000| Untracked |  0
| 449|0x0000000790200000, 0x0000000790400000, 0x0000000790400000|100%| O|  |TAMS 0x0000000790200000| PB 0x0000000790200000| Untracked |  0
| 450|0x0000000790400000, 0x0000000790600000, 0x0000000790600000|100%| O|  |TAMS 0x0000000790400000| PB 0x0000000790400000| Untracked |  0
| 451|0x0000000790600000, 0x0000000790800000, 0x0000000790800000|100%| O|  |TAMS 0x0000000790600000| PB 0x0000000790600000| Untracked |  0
| 452|0x0000000790800000, 0x0000000790a00000, 0x0000000790a00000|100%| O|  |TAMS 0x0000000790800000| PB 0x0000000790800000| Untracked |  0
| 453|0x0000000790a00000, 0x0000000790c00000, 0x0000000790c00000|100%| O|  |TAMS 0x0000000790a00000| PB 0x0000000790a00000| Untracked |  0
| 454|0x0000000790c00000, 0x0000000790e00000, 0x0000000790e00000|100%| O|  |TAMS 0x0000000790c00000| PB 0x0000000790c00000| Untracked |  0
| 455|0x0000000790e00000, 0x0000000791000000, 0x0000000791000000|100%| O|  |TAMS 0x0000000790e00000| PB 0x0000000790e00000| Untracked |  0
| 456|0x0000000791000000, 0x0000000791200000, 0x0000000791200000|100%| O|  |TAMS 0x0000000791000000| PB 0x0000000791000000| Untracked |  0
| 457|0x0000000791200000, 0x0000000791400000, 0x0000000791400000|100%| O|  |TAMS 0x0000000791200000| PB 0x0000000791200000| Untracked |  0
| 458|0x0000000791400000, 0x0000000791600000, 0x0000000791600000|100%| O|  |TAMS 0x0000000791400000| PB 0x0000000791400000| Untracked |  0
| 459|0x0000000791600000, 0x0000000791800000, 0x0000000791800000|100%| O|  |TAMS 0x0000000791600000| PB 0x0000000791600000| Untracked |  0
| 460|0x0000000791800000, 0x0000000791a00000, 0x0000000791a00000|100%| O|  |TAMS 0x0000000791800000| PB 0x0000000791800000| Untracked |  0
| 461|0x0000000791a00000, 0x0000000791c00000, 0x0000000791c00000|100%| O|  |TAMS 0x0000000791a00000| PB 0x0000000791a00000| Untracked |  0
| 462|0x0000000791c00000, 0x0000000791e00000, 0x0000000791e00000|100%| O|  |TAMS 0x0000000791c00000| PB 0x0000000791c00000| Untracked |  0
| 463|0x0000000791e00000, 0x0000000792000000, 0x0000000792000000|100%| O|  |TAMS 0x0000000791e00000| PB 0x0000000791e00000| Untracked |  0
| 464|0x0000000792000000, 0x0000000792200000, 0x0000000792200000|100%| O|  |TAMS 0x0000000792000000| PB 0x0000000792000000| Untracked |  0
| 465|0x0000000792200000, 0x0000000792400000, 0x0000000792400000|100%| O|  |TAMS 0x0000000792200000| PB 0x0000000792200000| Untracked |  0
| 466|0x0000000792400000, 0x0000000792600000, 0x0000000792600000|100%| O|  |TAMS 0x0000000792400000| PB 0x0000000792400000| Untracked |  0
| 467|0x0000000792600000, 0x0000000792800000, 0x0000000792800000|100%| O|  |TAMS 0x0000000792600000| PB 0x0000000792600000| Untracked |  0
| 468|0x0000000792800000, 0x0000000792a00000, 0x0000000792a00000|100%| O|  |TAMS 0x0000000792800000| PB 0x0000000792800000| Untracked |  0
| 469|0x0000000792a00000, 0x0000000792c00000, 0x0000000792c00000|100%| O|  |TAMS 0x0000000792a00000| PB 0x0000000792a00000| Untracked |  0
| 470|0x0000000792c00000, 0x0000000792e00000, 0x0000000792e00000|100%| O|  |TAMS 0x0000000792c00000| PB 0x0000000792c00000| Untracked |  0
| 471|0x0000000792e00000, 0x0000000793000000, 0x0000000793000000|100%| O|  |TAMS 0x0000000792e00000| PB 0x0000000792e00000| Untracked |  0
| 472|0x0000000793000000, 0x0000000793200000, 0x0000000793200000|100%| O|  |TAMS 0x0000000793000000| PB 0x0000000793000000| Untracked |  0
| 473|0x0000000793200000, 0x0000000793400000, 0x0000000793400000|100%| O|  |TAMS 0x0000000793200000| PB 0x0000000793200000| Untracked |  0
| 474|0x0000000793400000, 0x0000000793600000, 0x0000000793600000|100%| O|  |TAMS 0x0000000793400000| PB 0x0000000793400000| Untracked |  0
| 475|0x0000000793600000, 0x0000000793800000, 0x0000000793800000|100%| O|  |TAMS 0x0000000793600000| PB 0x0000000793600000| Untracked |  0
| 476|0x0000000793800000, 0x0000000793a00000, 0x0000000793a00000|100%| O|  |TAMS 0x0000000793800000| PB 0x0000000793800000| Untracked |  0
| 477|0x0000000793a00000, 0x0000000793c00000, 0x0000000793c00000|100%| O|  |TAMS 0x0000000793a00000| PB 0x0000000793a00000| Untracked |  0
| 478|0x0000000793c00000, 0x0000000793e00000, 0x0000000793e00000|100%| O|  |TAMS 0x0000000793c00000| PB 0x0000000793c00000| Untracked |  0
| 479|0x0000000793e00000, 0x0000000794000000, 0x0000000794000000|100%| O|  |TAMS 0x0000000793e00000| PB 0x0000000793e00000| Untracked |  0
| 480|0x0000000794000000, 0x0000000794200000, 0x0000000794200000|100%| O|  |TAMS 0x0000000794000000| PB 0x0000000794000000| Untracked |  0
| 481|0x0000000794200000, 0x0000000794400000, 0x0000000794400000|100%| O|  |TAMS 0x0000000794200000| PB 0x0000000794200000| Untracked |  0
| 482|0x0000000794400000, 0x0000000794600000, 0x0000000794600000|100%| O|  |TAMS 0x0000000794400000| PB 0x0000000794400000| Untracked |  0
| 483|0x0000000794600000, 0x0000000794800000, 0x0000000794800000|100%| O|  |TAMS 0x0000000794600000| PB 0x0000000794600000| Untracked |  0
| 484|0x0000000794800000, 0x0000000794a00000, 0x0000000794a00000|100%| O|  |TAMS 0x0000000794800000| PB 0x0000000794800000| Untracked |  0
| 485|0x0000000794a00000, 0x0000000794c00000, 0x0000000794c00000|100%| O|  |TAMS 0x0000000794a00000| PB 0x0000000794a00000| Untracked |  0
| 486|0x0000000794c00000, 0x0000000794e00000, 0x0000000794e00000|100%|HS|  |TAMS 0x0000000794c00000| PB 0x0000000794c00000| Complete |  0
| 487|0x0000000794e00000, 0x0000000795000000, 0x0000000795000000|100%| O|  |TAMS 0x0000000794e00000| PB 0x0000000794e00000| Untracked |  0
| 488|0x0000000795000000, 0x0000000795200000, 0x0000000795200000|100%| O|  |TAMS 0x0000000795000000| PB 0x0000000795000000| Untracked |  0
| 489|0x0000000795200000, 0x0000000795400000, 0x0000000795400000|100%| O|  |TAMS 0x0000000795200000| PB 0x0000000795200000| Untracked |  0
| 490|0x0000000795400000, 0x0000000795600000, 0x0000000795600000|100%| O|  |TAMS 0x0000000795400000| PB 0x0000000795400000| Untracked |  0
| 491|0x0000000795600000, 0x0000000795800000, 0x0000000795800000|100%| O|  |TAMS 0x0000000795600000| PB 0x0000000795600000| Untracked |  0
| 492|0x0000000795800000, 0x0000000795a00000, 0x0000000795a00000|100%| O|  |TAMS 0x0000000795800000| PB 0x0000000795800000| Untracked |  0
| 493|0x0000000795a00000, 0x0000000795c00000, 0x0000000795c00000|100%| O|  |TAMS 0x0000000795a00000| PB 0x0000000795a00000| Untracked |  0
| 494|0x0000000795c00000, 0x0000000795e00000, 0x0000000795e00000|100%| O|  |TAMS 0x0000000795c00000| PB 0x0000000795c00000| Untracked |  0
| 495|0x0000000795e00000, 0x0000000796000000, 0x0000000796000000|100%| O|  |TAMS 0x0000000795e00000| PB 0x0000000795e00000| Untracked |  0
| 496|0x0000000796000000, 0x0000000796200000, 0x0000000796200000|100%| O|  |TAMS 0x0000000796000000| PB 0x0000000796000000| Untracked |  0
| 497|0x0000000796200000, 0x0000000796400000, 0x0000000796400000|100%| O|  |TAMS 0x0000000796200000| PB 0x0000000796200000| Untracked |  0
| 498|0x0000000796400000, 0x0000000796600000, 0x0000000796600000|100%| O|  |TAMS 0x0000000796400000| PB 0x0000000796400000| Untracked |  0
| 499|0x0000000796600000, 0x0000000796800000, 0x0000000796800000|100%| O|  |TAMS 0x0000000796600000| PB 0x0000000796600000| Untracked |  0
| 500|0x0000000796800000, 0x0000000796a00000, 0x0000000796a00000|100%| O|  |TAMS 0x0000000796800000| PB 0x0000000796800000| Untracked |  0
| 501|0x0000000796a00000, 0x0000000796c00000, 0x0000000796c00000|100%| O|  |TAMS 0x0000000796a00000| PB 0x0000000796a00000| Untracked |  0
| 502|0x0000000796c00000, 0x0000000796e00000, 0x0000000796e00000|100%| O|  |TAMS 0x0000000796c00000| PB 0x0000000796c00000| Untracked |  0
| 503|0x0000000796e00000, 0x0000000797000000, 0x0000000797000000|100%| O|  |TAMS 0x0000000796e00000| PB 0x0000000796e00000| Untracked |  0
| 504|0x0000000797000000, 0x0000000797200000, 0x0000000797200000|100%| O|  |TAMS 0x0000000797000000| PB 0x0000000797000000| Untracked |  0
| 505|0x0000000797200000, 0x0000000797400000, 0x0000000797400000|100%| O|  |TAMS 0x0000000797200000| PB 0x0000000797200000| Untracked |  0
| 506|0x0000000797400000, 0x0000000797600000, 0x0000000797600000|100%| O|  |TAMS 0x0000000797400000| PB 0x0000000797400000| Untracked |  0
| 507|0x0000000797600000, 0x0000000797800000, 0x0000000797800000|100%| O|  |TAMS 0x0000000797600000| PB 0x0000000797600000| Untracked |  0
| 508|0x0000000797800000, 0x0000000797a00000, 0x0000000797a00000|100%| O|  |TAMS 0x0000000797800000| PB 0x0000000797800000| Untracked |  0
| 509|0x0000000797a00000, 0x0000000797c00000, 0x0000000797c00000|100%| O|  |TAMS 0x0000000797a00000| PB 0x0000000797a00000| Untracked |  0
| 510|0x0000000797c00000, 0x0000000797e00000, 0x0000000797e00000|100%| O|  |TAMS 0x0000000797c00000| PB 0x0000000797c00000| Untracked |  0
| 511|0x0000000797e00000, 0x0000000798000000, 0x0000000798000000|100%| O|  |TAMS 0x0000000797e00000| PB 0x0000000797e00000| Untracked |  0
| 512|0x0000000798000000, 0x0000000798200000, 0x0000000798200000|100%| O|  |TAMS 0x0000000798000000| PB 0x0000000798000000| Untracked |  0
| 513|0x0000000798200000, 0x0000000798400000, 0x0000000798400000|100%| O|  |TAMS 0x0000000798200000| PB 0x0000000798200000| Untracked |  0
| 514|0x0000000798400000, 0x0000000798600000, 0x0000000798600000|100%| O|  |TAMS 0x0000000798400000| PB 0x0000000798400000| Untracked |  0
| 515|0x0000000798600000, 0x0000000798800000, 0x0000000798800000|100%| O|  |TAMS 0x0000000798600000| PB 0x0000000798600000| Untracked |  0
| 516|0x0000000798800000, 0x0000000798a00000, 0x0000000798a00000|100%| O|  |TAMS 0x0000000798800000| PB 0x0000000798800000| Untracked |  0
| 517|0x0000000798a00000, 0x0000000798c00000, 0x0000000798c00000|100%| O|  |TAMS 0x0000000798a00000| PB 0x0000000798a00000| Untracked |  0
| 518|0x0000000798c00000, 0x0000000798e00000, 0x0000000798e00000|100%| O|  |TAMS 0x0000000798c00000| PB 0x0000000798c00000| Untracked |  0
| 519|0x0000000798e00000, 0x0000000799000000, 0x0000000799000000|100%| O|  |TAMS 0x0000000798e00000| PB 0x0000000798e00000| Untracked |  0
| 520|0x0000000799000000, 0x0000000799200000, 0x0000000799200000|100%| O|  |TAMS 0x0000000799000000| PB 0x0000000799000000| Untracked |  0
| 521|0x0000000799200000, 0x0000000799400000, 0x0000000799400000|100%| O|  |TAMS 0x0000000799200000| PB 0x0000000799200000| Untracked |  0
| 522|0x0000000799400000, 0x0000000799600000, 0x0000000799600000|100%| O|  |TAMS 0x0000000799400000| PB 0x0000000799400000| Untracked |  0
| 523|0x0000000799600000, 0x0000000799800000, 0x0000000799800000|100%| O|  |TAMS 0x0000000799600000| PB 0x0000000799600000| Untracked |  0
| 524|0x0000000799800000, 0x0000000799a00000, 0x0000000799a00000|100%| O|  |TAMS 0x0000000799800000| PB 0x0000000799800000| Untracked |  0
| 525|0x0000000799a00000, 0x0000000799c00000, 0x0000000799c00000|100%| O|  |TAMS 0x0000000799a00000| PB 0x0000000799a00000| Untracked |  0
| 526|0x0000000799c00000, 0x0000000799e00000, 0x0000000799e00000|100%| O|  |TAMS 0x0000000799c00000| PB 0x0000000799c00000| Untracked |  0
| 527|0x0000000799e00000, 0x000000079a000000, 0x000000079a000000|100%| O|  |TAMS 0x0000000799e00000| PB 0x0000000799e00000| Untracked |  0
| 528|0x000000079a000000, 0x000000079a200000, 0x000000079a200000|100%| O|  |TAMS 0x000000079a000000| PB 0x000000079a000000| Untracked |  0
| 529|0x000000079a200000, 0x000000079a400000, 0x000000079a400000|100%| O|  |TAMS 0x000000079a200000| PB 0x000000079a200000| Untracked |  0
| 530|0x000000079a400000, 0x000000079a600000, 0x000000079a600000|100%| O|  |TAMS 0x000000079a400000| PB 0x000000079a400000| Untracked |  0
| 531|0x000000079a600000, 0x000000079a800000, 0x000000079a800000|100%| O|  |TAMS 0x000000079a600000| PB 0x000000079a600000| Untracked |  0
| 532|0x000000079a800000, 0x000000079aa00000, 0x000000079aa00000|100%| O|  |TAMS 0x000000079a800000| PB 0x000000079a800000| Untracked |  0
| 533|0x000000079aa00000, 0x000000079ac00000, 0x000000079ac00000|100%| O|  |TAMS 0x000000079aa00000| PB 0x000000079aa00000| Untracked |  0
| 534|0x000000079ac00000, 0x000000079ae00000, 0x000000079ae00000|100%| O|  |TAMS 0x000000079ac00000| PB 0x000000079ac00000| Untracked |  0
| 535|0x000000079ae00000, 0x000000079b000000, 0x000000079b000000|100%| O|  |TAMS 0x000000079ae00000| PB 0x000000079ae00000| Untracked |  0
| 536|0x000000079b000000, 0x000000079b200000, 0x000000079b200000|100%| O|  |TAMS 0x000000079b000000| PB 0x000000079b000000| Untracked |  0
| 537|0x000000079b200000, 0x000000079b400000, 0x000000079b400000|100%| O|  |TAMS 0x000000079b200000| PB 0x000000079b200000| Untracked |  0
| 538|0x000000079b400000, 0x000000079b600000, 0x000000079b600000|100%| O|  |TAMS 0x000000079b400000| PB 0x000000079b400000| Untracked |  0
| 539|0x000000079b600000, 0x000000079b800000, 0x000000079b800000|100%| O|  |TAMS 0x000000079b600000| PB 0x000000079b600000| Untracked |  0
| 540|0x000000079b800000, 0x000000079ba00000, 0x000000079ba00000|100%| O|  |TAMS 0x000000079b800000| PB 0x000000079b800000| Untracked |  0
| 541|0x000000079ba00000, 0x000000079bc00000, 0x000000079bc00000|100%| O|  |TAMS 0x000000079ba00000| PB 0x000000079ba00000| Untracked |  0
| 542|0x000000079bc00000, 0x000000079be00000, 0x000000079be00000|100%| O|  |TAMS 0x000000079bc00000| PB 0x000000079bc00000| Untracked |  0
| 543|0x000000079be00000, 0x000000079c000000, 0x000000079c000000|100%| O|  |TAMS 0x000000079be00000| PB 0x000000079be00000| Untracked |  0
| 544|0x000000079c000000, 0x000000079c200000, 0x000000079c200000|100%| O|  |TAMS 0x000000079c000000| PB 0x000000079c000000| Untracked |  0
| 545|0x000000079c200000, 0x000000079c400000, 0x000000079c400000|100%| O|  |TAMS 0x000000079c200000| PB 0x000000079c200000| Untracked |  0
| 546|0x000000079c400000, 0x000000079c600000, 0x000000079c600000|100%| O|  |TAMS 0x000000079c400000| PB 0x000000079c400000| Untracked |  0
| 547|0x000000079c600000, 0x000000079c800000, 0x000000079c800000|100%| O|  |TAMS 0x000000079c600000| PB 0x000000079c600000| Untracked |  0
| 548|0x000000079c800000, 0x000000079ca00000, 0x000000079ca00000|100%| O|  |TAMS 0x000000079c800000| PB 0x000000079c800000| Untracked |  0
| 549|0x000000079ca00000, 0x000000079cc00000, 0x000000079cc00000|100%| O|  |TAMS 0x000000079ca00000| PB 0x000000079ca00000| Untracked |  0
| 550|0x000000079cc00000, 0x000000079ce00000, 0x000000079ce00000|100%| O|  |TAMS 0x000000079cc00000| PB 0x000000079cc00000| Untracked |  0
| 551|0x000000079ce00000, 0x000000079d000000, 0x000000079d000000|100%| O|  |TAMS 0x000000079ce00000| PB 0x000000079ce00000| Untracked |  0
| 552|0x000000079d000000, 0x000000079d200000, 0x000000079d200000|100%| O|  |TAMS 0x000000079d000000| PB 0x000000079d000000| Untracked |  0
| 553|0x000000079d200000, 0x000000079d400000, 0x000000079d400000|100%| O|  |TAMS 0x000000079d200000| PB 0x000000079d200000| Untracked |  0
| 554|0x000000079d400000, 0x000000079d600000, 0x000000079d600000|100%| O|  |TAMS 0x000000079d400000| PB 0x000000079d400000| Untracked |  0
| 555|0x000000079d600000, 0x000000079d800000, 0x000000079d800000|100%| O|  |TAMS 0x000000079d600000| PB 0x000000079d600000| Untracked |  0
| 556|0x000000079d800000, 0x000000079da00000, 0x000000079da00000|100%| O|  |TAMS 0x000000079d800000| PB 0x000000079d800000| Untracked |  0
| 557|0x000000079da00000, 0x000000079dc00000, 0x000000079dc00000|100%| O|  |TAMS 0x000000079da00000| PB 0x000000079da00000| Untracked |  0
| 558|0x000000079dc00000, 0x000000079de00000, 0x000000079de00000|100%| O|  |TAMS 0x000000079dc00000| PB 0x000000079dc00000| Untracked |  0
| 559|0x000000079de00000, 0x000000079e000000, 0x000000079e000000|100%| O|  |TAMS 0x000000079de00000| PB 0x000000079de00000| Untracked |  0
| 560|0x000000079e000000, 0x000000079e200000, 0x000000079e200000|100%| O|  |TAMS 0x000000079e000000| PB 0x000000079e000000| Untracked |  0
| 561|0x000000079e200000, 0x000000079e400000, 0x000000079e400000|100%| O|  |TAMS 0x000000079e200000| PB 0x000000079e200000| Untracked |  0
| 562|0x000000079e400000, 0x000000079e600000, 0x000000079e600000|100%| O|  |TAMS 0x000000079e400000| PB 0x000000079e400000| Untracked |  0
| 563|0x000000079e600000, 0x000000079e800000, 0x000000079e800000|100%| O|  |TAMS 0x000000079e600000| PB 0x000000079e600000| Untracked |  0
| 564|0x000000079e800000, 0x000000079e800000, 0x000000079ea00000|  0%| F|  |TAMS 0x000000079e800000| PB 0x000000079e800000| Untracked |  0
| 565|0x000000079ea00000, 0x000000079ea00000, 0x000000079ec00000|  0%| F|  |TAMS 0x000000079ea00000| PB 0x000000079ea00000| Untracked |  0
| 566|0x000000079ec00000, 0x000000079ec00000, 0x000000079ee00000|  0%| F|  |TAMS 0x000000079ec00000| PB 0x000000079ec00000| Untracked |  0
| 567|0x000000079ee00000, 0x000000079ee00000, 0x000000079f000000|  0%| F|  |TAMS 0x000000079ee00000| PB 0x000000079ee00000| Untracked |  0
| 568|0x000000079f000000, 0x000000079f000000, 0x000000079f200000|  0%| F|  |TAMS 0x000000079f000000| PB 0x000000079f000000| Untracked |  0
| 569|0x000000079f200000, 0x000000079f200000, 0x000000079f400000|  0%| F|  |TAMS 0x000000079f200000| PB 0x000000079f200000| Untracked |  0
| 570|0x000000079f400000, 0x000000079f400000, 0x000000079f600000|  0%| F|  |TAMS 0x000000079f400000| PB 0x000000079f400000| Untracked |  0
| 571|0x000000079f600000, 0x000000079f600000, 0x000000079f800000|  0%| F|  |TAMS 0x000000079f600000| PB 0x000000079f600000| Untracked |  0
| 572|0x000000079f800000, 0x000000079f800000, 0x000000079fa00000|  0%| F|  |TAMS 0x000000079f800000| PB 0x000000079f800000| Untracked |  0
| 573|0x000000079fa00000, 0x000000079fa00000, 0x000000079fc00000|  0%| F|  |TAMS 0x000000079fa00000| PB 0x000000079fa00000| Untracked |  0
| 574|0x000000079fc00000, 0x000000079fc00000, 0x000000079fe00000|  0%| F|  |TAMS 0x000000079fc00000| PB 0x000000079fc00000| Untracked |  0
| 575|0x000000079fe00000, 0x000000079fe00000, 0x00000007a0000000|  0%| F|  |TAMS 0x000000079fe00000| PB 0x000000079fe00000| Untracked |  0
| 576|0x00000007a0000000, 0x00000007a0000000, 0x00000007a0200000|  0%| F|  |TAMS 0x00000007a0000000| PB 0x00000007a0000000| Untracked |  0
| 577|0x00000007a0200000, 0x00000007a0200000, 0x00000007a0400000|  0%| F|  |TAMS 0x00000007a0200000| PB 0x00000007a0200000| Untracked |  0
| 578|0x00000007a0400000, 0x00000007a0400000, 0x00000007a0600000|  0%| F|  |TAMS 0x00000007a0400000| PB 0x00000007a0400000| Untracked |  0
| 579|0x00000007a0600000, 0x00000007a0600000, 0x00000007a0800000|  0%| F|  |TAMS 0x00000007a0600000| PB 0x00000007a0600000| Untracked |  0
| 580|0x00000007a0800000, 0x00000007a0800000, 0x00000007a0a00000|  0%| F|  |TAMS 0x00000007a0800000| PB 0x00000007a0800000| Untracked |  0
| 581|0x00000007a0a00000, 0x00000007a0a00000, 0x00000007a0c00000|  0%| F|  |TAMS 0x00000007a0a00000| PB 0x00000007a0a00000| Untracked |  0
| 582|0x00000007a0c00000, 0x00000007a0c00000, 0x00000007a0e00000|  0%| F|  |TAMS 0x00000007a0c00000| PB 0x00000007a0c00000| Untracked |  0
| 583|0x00000007a0e00000, 0x00000007a0e00000, 0x00000007a1000000|  0%| F|  |TAMS 0x00000007a0e00000| PB 0x00000007a0e00000| Untracked |  0
| 584|0x00000007a1000000, 0x00000007a1000000, 0x00000007a1200000|  0%| F|  |TAMS 0x00000007a1000000| PB 0x00000007a1000000| Untracked |  0
| 585|0x00000007a1200000, 0x00000007a1200000, 0x00000007a1400000|  0%| F|  |TAMS 0x00000007a1200000| PB 0x00000007a1200000| Untracked |  0
| 586|0x00000007a1400000, 0x00000007a1400000, 0x00000007a1600000|  0%| F|  |TAMS 0x00000007a1400000| PB 0x00000007a1400000| Untracked |  0
| 587|0x00000007a1600000, 0x00000007a1600000, 0x00000007a1800000|  0%| F|  |TAMS 0x00000007a1600000| PB 0x00000007a1600000| Untracked |  0
| 588|0x00000007a1800000, 0x00000007a1800000, 0x00000007a1a00000|  0%| F|  |TAMS 0x00000007a1800000| PB 0x00000007a1800000| Untracked |  0
| 589|0x00000007a1a00000, 0x00000007a1a00000, 0x00000007a1c00000|  0%| F|  |TAMS 0x00000007a1a00000| PB 0x00000007a1a00000| Untracked |  0
| 590|0x00000007a1c00000, 0x00000007a1c00000, 0x00000007a1e00000|  0%| F|  |TAMS 0x00000007a1c00000| PB 0x00000007a1c00000| Untracked |  0
| 591|0x00000007a1e00000, 0x00000007a1e00000, 0x00000007a2000000|  0%| F|  |TAMS 0x00000007a1e00000| PB 0x00000007a1e00000| Untracked |  0
| 592|0x00000007a2000000, 0x00000007a2000000, 0x00000007a2200000|  0%| F|  |TAMS 0x00000007a2000000| PB 0x00000007a2000000| Untracked |  0
| 593|0x00000007a2200000, 0x00000007a2200000, 0x00000007a2400000|  0%| F|  |TAMS 0x00000007a2200000| PB 0x00000007a2200000| Untracked |  0
| 594|0x00000007a2400000, 0x00000007a2400000, 0x00000007a2600000|  0%| F|  |TAMS 0x00000007a2400000| PB 0x00000007a2400000| Untracked |  0
| 595|0x00000007a2600000, 0x00000007a2600000, 0x00000007a2800000|  0%| F|  |TAMS 0x00000007a2600000| PB 0x00000007a2600000| Untracked |  0
| 596|0x00000007a2800000, 0x00000007a2800000, 0x00000007a2a00000|  0%| F|  |TAMS 0x00000007a2800000| PB 0x00000007a2800000| Untracked |  0
| 597|0x00000007a2a00000, 0x00000007a2a00000, 0x00000007a2c00000|  0%| F|  |TAMS 0x00000007a2a00000| PB 0x00000007a2a00000| Untracked |  0
| 598|0x00000007a2c00000, 0x00000007a2c00000, 0x00000007a2e00000|  0%| F|  |TAMS 0x00000007a2c00000| PB 0x00000007a2c00000| Untracked |  0
| 599|0x00000007a2e00000, 0x00000007a2e00000, 0x00000007a3000000|  0%| F|  |TAMS 0x00000007a2e00000| PB 0x00000007a2e00000| Untracked |  0
| 600|0x00000007a3000000, 0x00000007a3000000, 0x00000007a3200000|  0%| F|  |TAMS 0x00000007a3000000| PB 0x00000007a3000000| Untracked |  0
| 601|0x00000007a3200000, 0x00000007a3200000, 0x00000007a3400000|  0%| F|  |TAMS 0x00000007a3200000| PB 0x00000007a3200000| Untracked |  0
| 602|0x00000007a3400000, 0x00000007a3400000, 0x00000007a3600000|  0%| F|  |TAMS 0x00000007a3400000| PB 0x00000007a3400000| Untracked |  0
| 603|0x00000007a3600000, 0x00000007a3600000, 0x00000007a3800000|  0%| F|  |TAMS 0x00000007a3600000| PB 0x00000007a3600000| Untracked |  0
| 604|0x00000007a3800000, 0x00000007a3800000, 0x00000007a3a00000|  0%| F|  |TAMS 0x00000007a3800000| PB 0x00000007a3800000| Untracked |  0
| 605|0x00000007a3a00000, 0x00000007a3a00000, 0x00000007a3c00000|  0%| F|  |TAMS 0x00000007a3a00000| PB 0x00000007a3a00000| Untracked |  0
| 606|0x00000007a3c00000, 0x00000007a3c00000, 0x00000007a3e00000|  0%| F|  |TAMS 0x00000007a3c00000| PB 0x00000007a3c00000| Untracked |  0
| 607|0x00000007a3e00000, 0x00000007a3e00000, 0x00000007a4000000|  0%| F|  |TAMS 0x00000007a3e00000| PB 0x00000007a3e00000| Untracked |  0
| 608|0x00000007a4000000, 0x00000007a4000000, 0x00000007a4200000|  0%| F|  |TAMS 0x00000007a4000000| PB 0x00000007a4000000| Untracked |  0
| 609|0x00000007a4200000, 0x00000007a4200000, 0x00000007a4400000|  0%| F|  |TAMS 0x00000007a4200000| PB 0x00000007a4200000| Untracked |  0
| 610|0x00000007a4400000, 0x00000007a4400000, 0x00000007a4600000|  0%| F|  |TAMS 0x00000007a4400000| PB 0x00000007a4400000| Untracked |  0
| 611|0x00000007a4600000, 0x00000007a4600000, 0x00000007a4800000|  0%| F|  |TAMS 0x00000007a4600000| PB 0x00000007a4600000| Untracked |  0
| 612|0x00000007a4800000, 0x00000007a4800000, 0x00000007a4a00000|  0%| F|  |TAMS 0x00000007a4800000| PB 0x00000007a4800000| Untracked |  0
| 613|0x00000007a4a00000, 0x00000007a4a00000, 0x00000007a4c00000|  0%| F|  |TAMS 0x00000007a4a00000| PB 0x00000007a4a00000| Untracked |  0
| 614|0x00000007a4c00000, 0x00000007a4c00000, 0x00000007a4e00000|  0%| F|  |TAMS 0x00000007a4c00000| PB 0x00000007a4c00000| Untracked |  0
| 615|0x00000007a4e00000, 0x00000007a4e00000, 0x00000007a5000000|  0%| F|  |TAMS 0x00000007a4e00000| PB 0x00000007a4e00000| Untracked |  0
| 616|0x00000007a5000000, 0x00000007a5000000, 0x00000007a5200000|  0%| F|  |TAMS 0x00000007a5000000| PB 0x00000007a5000000| Untracked |  0
| 617|0x00000007a5200000, 0x00000007a5200000, 0x00000007a5400000|  0%| F|  |TAMS 0x00000007a5200000| PB 0x00000007a5200000| Untracked |  0
| 618|0x00000007a5400000, 0x00000007a5400000, 0x00000007a5600000|  0%| F|  |TAMS 0x00000007a5400000| PB 0x00000007a5400000| Untracked |  0
| 619|0x00000007a5600000, 0x00000007a5600000, 0x00000007a5800000|  0%| F|  |TAMS 0x00000007a5600000| PB 0x00000007a5600000| Untracked |  0
| 620|0x00000007a5800000, 0x00000007a5800000, 0x00000007a5a00000|  0%| F|  |TAMS 0x00000007a5800000| PB 0x00000007a5800000| Untracked |  0
| 621|0x00000007a5a00000, 0x00000007a5a00000, 0x00000007a5c00000|  0%| F|  |TAMS 0x00000007a5a00000| PB 0x00000007a5a00000| Untracked |  0
| 622|0x00000007a5c00000, 0x00000007a5c00000, 0x00000007a5e00000|  0%| F|  |TAMS 0x00000007a5c00000| PB 0x00000007a5c00000| Untracked |  0
| 623|0x00000007a5e00000, 0x00000007a5e00000, 0x00000007a6000000|  0%| F|  |TAMS 0x00000007a5e00000| PB 0x00000007a5e00000| Untracked |  0
| 624|0x00000007a6000000, 0x00000007a6000000, 0x00000007a6200000|  0%| F|  |TAMS 0x00000007a6000000| PB 0x00000007a6000000| Untracked |  0
| 625|0x00000007a6200000, 0x00000007a6200000, 0x00000007a6400000|  0%| F|  |TAMS 0x00000007a6200000| PB 0x00000007a6200000| Untracked |  0
| 626|0x00000007a6400000, 0x00000007a6400000, 0x00000007a6600000|  0%| F|  |TAMS 0x00000007a6400000| PB 0x00000007a6400000| Untracked |  0
| 627|0x00000007a6600000, 0x00000007a6600000, 0x00000007a6800000|  0%| F|  |TAMS 0x00000007a6600000| PB 0x00000007a6600000| Untracked |  0
| 628|0x00000007a6800000, 0x00000007a6800000, 0x00000007a6a00000|  0%| F|  |TAMS 0x00000007a6800000| PB 0x00000007a6800000| Untracked |  0
| 629|0x00000007a6a00000, 0x00000007a6a00000, 0x00000007a6c00000|  0%| F|  |TAMS 0x00000007a6a00000| PB 0x00000007a6a00000| Untracked |  0
| 630|0x00000007a6c00000, 0x00000007a6c00000, 0x00000007a6e00000|  0%| F|  |TAMS 0x00000007a6c00000| PB 0x00000007a6c00000| Untracked |  0
| 631|0x00000007a6e00000, 0x00000007a6e00000, 0x00000007a7000000|  0%| F|  |TAMS 0x00000007a6e00000| PB 0x00000007a6e00000| Untracked |  0
| 632|0x00000007a7000000, 0x00000007a7000000, 0x00000007a7200000|  0%| F|  |TAMS 0x00000007a7000000| PB 0x00000007a7000000| Untracked |  0
| 633|0x00000007a7200000, 0x00000007a7200000, 0x00000007a7400000|  0%| F|  |TAMS 0x00000007a7200000| PB 0x00000007a7200000| Untracked |  0
| 634|0x00000007a7400000, 0x00000007a7400000, 0x00000007a7600000|  0%| F|  |TAMS 0x00000007a7400000| PB 0x00000007a7400000| Untracked |  0
| 635|0x00000007a7600000, 0x00000007a7600000, 0x00000007a7800000|  0%| F|  |TAMS 0x00000007a7600000| PB 0x00000007a7600000| Untracked |  0
| 636|0x00000007a7800000, 0x00000007a7800000, 0x00000007a7a00000|  0%| F|  |TAMS 0x00000007a7800000| PB 0x00000007a7800000| Untracked |  0
| 637|0x00000007a7a00000, 0x00000007a7a00000, 0x00000007a7c00000|  0%| F|  |TAMS 0x00000007a7a00000| PB 0x00000007a7a00000| Untracked |  0
| 638|0x00000007a7c00000, 0x00000007a7c00000, 0x00000007a7e00000|  0%| F|  |TAMS 0x00000007a7c00000| PB 0x00000007a7c00000| Untracked |  0
| 639|0x00000007a7e00000, 0x00000007a7e00000, 0x00000007a8000000|  0%| F|  |TAMS 0x00000007a7e00000| PB 0x00000007a7e00000| Untracked |  0
| 640|0x00000007a8000000, 0x00000007a8000000, 0x00000007a8200000|  0%| F|  |TAMS 0x00000007a8000000| PB 0x00000007a8000000| Untracked |  0
| 641|0x00000007a8200000, 0x00000007a8200000, 0x00000007a8400000|  0%| F|  |TAMS 0x00000007a8200000| PB 0x00000007a8200000| Untracked |  0
| 642|0x00000007a8400000, 0x00000007a8400000, 0x00000007a8600000|  0%| F|  |TAMS 0x00000007a8400000| PB 0x00000007a8400000| Untracked |  0
| 643|0x00000007a8600000, 0x00000007a8600000, 0x00000007a8800000|  0%| F|  |TAMS 0x00000007a8600000| PB 0x00000007a8600000| Untracked |  0
| 644|0x00000007a8800000, 0x00000007a8800000, 0x00000007a8a00000|  0%| F|  |TAMS 0x00000007a8800000| PB 0x00000007a8800000| Untracked |  0
| 645|0x00000007a8a00000, 0x00000007a8a00000, 0x00000007a8c00000|  0%| F|  |TAMS 0x00000007a8a00000| PB 0x00000007a8a00000| Untracked |  0
| 646|0x00000007a8c00000, 0x00000007a8c00000, 0x00000007a8e00000|  0%| F|  |TAMS 0x00000007a8c00000| PB 0x00000007a8c00000| Untracked |  0
| 647|0x00000007a8e00000, 0x00000007a8e00000, 0x00000007a9000000|  0%| F|  |TAMS 0x00000007a8e00000| PB 0x00000007a8e00000| Untracked |  0
| 648|0x00000007a9000000, 0x00000007a9000000, 0x00000007a9200000|  0%| F|  |TAMS 0x00000007a9000000| PB 0x00000007a9000000| Untracked |  0
| 649|0x00000007a9200000, 0x00000007a9200000, 0x00000007a9400000|  0%| F|  |TAMS 0x00000007a9200000| PB 0x00000007a9200000| Untracked |  0
| 650|0x00000007a9400000, 0x00000007a9400000, 0x00000007a9600000|  0%| F|  |TAMS 0x00000007a9400000| PB 0x00000007a9400000| Untracked |  0
| 651|0x00000007a9600000, 0x00000007a9600000, 0x00000007a9800000|  0%| F|  |TAMS 0x00000007a9600000| PB 0x00000007a9600000| Untracked |  0
| 652|0x00000007a9800000, 0x00000007a9800000, 0x00000007a9a00000|  0%| F|  |TAMS 0x00000007a9800000| PB 0x00000007a9800000| Untracked |  0
| 653|0x00000007a9a00000, 0x00000007a9a00000, 0x00000007a9c00000|  0%| F|  |TAMS 0x00000007a9a00000| PB 0x00000007a9a00000| Untracked |  0
| 654|0x00000007a9c00000, 0x00000007a9c00000, 0x00000007a9e00000|  0%| F|  |TAMS 0x00000007a9c00000| PB 0x00000007a9c00000| Untracked |  0
| 655|0x00000007a9e00000, 0x00000007a9e00000, 0x00000007aa000000|  0%| F|  |TAMS 0x00000007a9e00000| PB 0x00000007a9e00000| Untracked |  0
| 656|0x00000007aa000000, 0x00000007aa000000, 0x00000007aa200000|  0%| F|  |TAMS 0x00000007aa000000| PB 0x00000007aa000000| Untracked |  0
| 657|0x00000007aa200000, 0x00000007aa200000, 0x00000007aa400000|  0%| F|  |TAMS 0x00000007aa200000| PB 0x00000007aa200000| Untracked |  0
| 658|0x00000007aa400000, 0x00000007aa400000, 0x00000007aa600000|  0%| F|  |TAMS 0x00000007aa400000| PB 0x00000007aa400000| Untracked |  0
| 659|0x00000007aa600000, 0x00000007aa600000, 0x00000007aa800000|  0%| F|  |TAMS 0x00000007aa600000| PB 0x00000007aa600000| Untracked |  0
| 660|0x00000007aa800000, 0x00000007aa800000, 0x00000007aaa00000|  0%| F|  |TAMS 0x00000007aa800000| PB 0x00000007aa800000| Untracked |  0
| 661|0x00000007aaa00000, 0x00000007aaa00000, 0x00000007aac00000|  0%| F|  |TAMS 0x00000007aaa00000| PB 0x00000007aaa00000| Untracked |  0
| 662|0x00000007aac00000, 0x00000007aac00000, 0x00000007aae00000|  0%| F|  |TAMS 0x00000007aac00000| PB 0x00000007aac00000| Untracked |  0
| 663|0x00000007aae00000, 0x00000007aae00000, 0x00000007ab000000|  0%| F|  |TAMS 0x00000007aae00000| PB 0x00000007aae00000| Untracked |  0
| 664|0x00000007ab000000, 0x00000007ab000000, 0x00000007ab200000|  0%| F|  |TAMS 0x00000007ab000000| PB 0x00000007ab000000| Untracked |  0
| 665|0x00000007ab200000, 0x00000007ab200000, 0x00000007ab400000|  0%| F|  |TAMS 0x00000007ab200000| PB 0x00000007ab200000| Untracked |  0
| 666|0x00000007ab400000, 0x00000007ab400000, 0x00000007ab600000|  0%| F|  |TAMS 0x00000007ab400000| PB 0x00000007ab400000| Untracked |  0
| 667|0x00000007ab600000, 0x00000007ab600000, 0x00000007ab800000|  0%| F|  |TAMS 0x00000007ab600000| PB 0x00000007ab600000| Untracked |  0
| 668|0x00000007ab800000, 0x00000007ab800000, 0x00000007aba00000|  0%| F|  |TAMS 0x00000007ab800000| PB 0x00000007ab800000| Untracked |  0
| 669|0x00000007aba00000, 0x00000007aba00000, 0x00000007abc00000|  0%| F|  |TAMS 0x00000007aba00000| PB 0x00000007aba00000| Untracked |  0
| 670|0x00000007abc00000, 0x00000007abc00000, 0x00000007abe00000|  0%| F|  |TAMS 0x00000007abc00000| PB 0x00000007abc00000| Untracked |  0
| 671|0x00000007abe00000, 0x00000007abe00000, 0x00000007ac000000|  0%| F|  |TAMS 0x00000007abe00000| PB 0x00000007abe00000| Untracked |  0
| 672|0x00000007ac000000, 0x00000007ac000000, 0x00000007ac200000|  0%| F|  |TAMS 0x00000007ac000000| PB 0x00000007ac000000| Untracked |  0
| 673|0x00000007ac200000, 0x00000007ac200000, 0x00000007ac400000|  0%| F|  |TAMS 0x00000007ac200000| PB 0x00000007ac200000| Untracked |  0
| 674|0x00000007ac400000, 0x00000007ac400000, 0x00000007ac600000|  0%| F|  |TAMS 0x00000007ac400000| PB 0x00000007ac400000| Untracked |  0
| 675|0x00000007ac600000, 0x00000007ac600000, 0x00000007ac800000|  0%| F|  |TAMS 0x00000007ac600000| PB 0x00000007ac600000| Untracked |  0
| 676|0x00000007ac800000, 0x00000007ac800000, 0x00000007aca00000|  0%| F|  |TAMS 0x00000007ac800000| PB 0x00000007ac800000| Untracked |  0
| 677|0x00000007aca00000, 0x00000007aca00000, 0x00000007acc00000|  0%| F|  |TAMS 0x00000007aca00000| PB 0x00000007aca00000| Untracked |  0
| 678|0x00000007acc00000, 0x00000007acc00000, 0x00000007ace00000|  0%| F|  |TAMS 0x00000007acc00000| PB 0x00000007acc00000| Untracked |  0
| 679|0x00000007ace00000, 0x00000007ace00000, 0x00000007ad000000|  0%| F|  |TAMS 0x00000007ace00000| PB 0x00000007ace00000| Untracked |  0
| 680|0x00000007ad000000, 0x00000007ad000000, 0x00000007ad200000|  0%| F|  |TAMS 0x00000007ad000000| PB 0x00000007ad000000| Untracked |  0
| 681|0x00000007ad200000, 0x00000007ad200000, 0x00000007ad400000|  0%| F|  |TAMS 0x00000007ad200000| PB 0x00000007ad200000| Untracked |  0
| 682|0x00000007ad400000, 0x00000007ad400000, 0x00000007ad600000|  0%| F|  |TAMS 0x00000007ad400000| PB 0x00000007ad400000| Untracked |  0
| 683|0x00000007ad600000, 0x00000007ad600000, 0x00000007ad800000|  0%| F|  |TAMS 0x00000007ad600000| PB 0x00000007ad600000| Untracked |  0
| 684|0x00000007ad800000, 0x00000007ad800000, 0x00000007ada00000|  0%| F|  |TAMS 0x00000007ad800000| PB 0x00000007ad800000| Untracked |  0
| 685|0x00000007ada00000, 0x00000007ada00000, 0x00000007adc00000|  0%| F|  |TAMS 0x00000007ada00000| PB 0x00000007ada00000| Untracked |  0
| 686|0x00000007adc00000, 0x00000007adc00000, 0x00000007ade00000|  0%| F|  |TAMS 0x00000007adc00000| PB 0x00000007adc00000| Untracked |  0
| 687|0x00000007ade00000, 0x00000007ade00000, 0x00000007ae000000|  0%| F|  |TAMS 0x00000007ade00000| PB 0x00000007ade00000| Untracked |  0
| 688|0x00000007ae000000, 0x00000007ae000000, 0x00000007ae200000|  0%| F|  |TAMS 0x00000007ae000000| PB 0x00000007ae000000| Untracked |  0
| 689|0x00000007ae200000, 0x00000007ae200000, 0x00000007ae400000|  0%| F|  |TAMS 0x00000007ae200000| PB 0x00000007ae200000| Untracked |  0
| 690|0x00000007ae400000, 0x00000007ae400000, 0x00000007ae600000|  0%| F|  |TAMS 0x00000007ae400000| PB 0x00000007ae400000| Untracked |  0
| 691|0x00000007ae600000, 0x00000007ae600000, 0x00000007ae800000|  0%| F|  |TAMS 0x00000007ae600000| PB 0x00000007ae600000| Untracked |  0
| 692|0x00000007ae800000, 0x00000007ae800000, 0x00000007aea00000|  0%| F|  |TAMS 0x00000007ae800000| PB 0x00000007ae800000| Untracked |  0
| 693|0x00000007aea00000, 0x00000007aea00000, 0x00000007aec00000|  0%| F|  |TAMS 0x00000007aea00000| PB 0x00000007aea00000| Untracked |  0
| 694|0x00000007aec00000, 0x00000007aec00000, 0x00000007aee00000|  0%| F|  |TAMS 0x00000007aec00000| PB 0x00000007aec00000| Untracked |  0
| 695|0x00000007aee00000, 0x00000007aee00000, 0x00000007af000000|  0%| F|  |TAMS 0x00000007aee00000| PB 0x00000007aee00000| Untracked |  0
| 696|0x00000007af000000, 0x00000007af000000, 0x00000007af200000|  0%| F|  |TAMS 0x00000007af000000| PB 0x00000007af000000| Untracked |  0
| 697|0x00000007af200000, 0x00000007af200000, 0x00000007af400000|  0%| F|  |TAMS 0x00000007af200000| PB 0x00000007af200000| Untracked |  0
| 698|0x00000007af400000, 0x00000007af400000, 0x00000007af600000|  0%| F|  |TAMS 0x00000007af400000| PB 0x00000007af400000| Untracked |  0
| 699|0x00000007af600000, 0x00000007af600000, 0x00000007af800000|  0%| F|  |TAMS 0x00000007af600000| PB 0x00000007af600000| Untracked |  0
| 700|0x00000007af800000, 0x00000007af800000, 0x00000007afa00000|  0%| F|  |TAMS 0x00000007af800000| PB 0x00000007af800000| Untracked |  0
| 701|0x00000007afa00000, 0x00000007afa00000, 0x00000007afc00000|  0%| F|  |TAMS 0x00000007afa00000| PB 0x00000007afa00000| Untracked |  0
| 702|0x00000007afc00000, 0x00000007afc00000, 0x00000007afe00000|  0%| F|  |TAMS 0x00000007afc00000| PB 0x00000007afc00000| Untracked |  0
| 703|0x00000007afe00000, 0x00000007afe00000, 0x00000007b0000000|  0%| F|  |TAMS 0x00000007afe00000| PB 0x00000007afe00000| Untracked |  0
| 704|0x00000007b0000000, 0x00000007b0000000, 0x00000007b0200000|  0%| F|  |TAMS 0x00000007b0000000| PB 0x00000007b0000000| Untracked |  0
| 705|0x00000007b0200000, 0x00000007b0200000, 0x00000007b0400000|  0%| F|  |TAMS 0x00000007b0200000| PB 0x00000007b0200000| Untracked |  0
| 706|0x00000007b0400000, 0x00000007b0400000, 0x00000007b0600000|  0%| F|  |TAMS 0x00000007b0400000| PB 0x00000007b0400000| Untracked |  0
| 707|0x00000007b0600000, 0x00000007b0600000, 0x00000007b0800000|  0%| F|  |TAMS 0x00000007b0600000| PB 0x00000007b0600000| Untracked |  0
| 708|0x00000007b0800000, 0x00000007b0800000, 0x00000007b0a00000|  0%| F|  |TAMS 0x00000007b0800000| PB 0x00000007b0800000| Untracked |  0
| 709|0x00000007b0a00000, 0x00000007b0a00000, 0x00000007b0c00000|  0%| F|  |TAMS 0x00000007b0a00000| PB 0x00000007b0a00000| Untracked |  0
| 710|0x00000007b0c00000, 0x00000007b0c00000, 0x00000007b0e00000|  0%| F|  |TAMS 0x00000007b0c00000| PB 0x00000007b0c00000| Untracked |  0
| 711|0x00000007b0e00000, 0x00000007b0e00000, 0x00000007b1000000|  0%| F|  |TAMS 0x00000007b0e00000| PB 0x00000007b0e00000| Untracked |  0
| 712|0x00000007b1000000, 0x00000007b1000000, 0x00000007b1200000|  0%| F|  |TAMS 0x00000007b1000000| PB 0x00000007b1000000| Untracked |  0
| 713|0x00000007b1200000, 0x00000007b1200000, 0x00000007b1400000|  0%| F|  |TAMS 0x00000007b1200000| PB 0x00000007b1200000| Untracked |  0
| 714|0x00000007b1400000, 0x00000007b1400000, 0x00000007b1600000|  0%| F|  |TAMS 0x00000007b1400000| PB 0x00000007b1400000| Untracked |  0
| 715|0x00000007b1600000, 0x00000007b1600000, 0x00000007b1800000|  0%| F|  |TAMS 0x00000007b1600000| PB 0x00000007b1600000| Untracked |  0
| 716|0x00000007b1800000, 0x00000007b1800000, 0x00000007b1a00000|  0%| F|  |TAMS 0x00000007b1800000| PB 0x00000007b1800000| Untracked |  0
| 717|0x00000007b1a00000, 0x00000007b1a00000, 0x00000007b1c00000|  0%| F|  |TAMS 0x00000007b1a00000| PB 0x00000007b1a00000| Untracked |  0
| 718|0x00000007b1c00000, 0x00000007b1c00000, 0x00000007b1e00000|  0%| F|  |TAMS 0x00000007b1c00000| PB 0x00000007b1c00000| Untracked |  0
| 719|0x00000007b1e00000, 0x00000007b1e00000, 0x00000007b2000000|  0%| F|  |TAMS 0x00000007b1e00000| PB 0x00000007b1e00000| Untracked |  0
| 720|0x00000007b2000000, 0x00000007b2000000, 0x00000007b2200000|  0%| F|  |TAMS 0x00000007b2000000| PB 0x00000007b2000000| Untracked |  0
| 721|0x00000007b2200000, 0x00000007b2200000, 0x00000007b2400000|  0%| F|  |TAMS 0x00000007b2200000| PB 0x00000007b2200000| Untracked |  0
| 722|0x00000007b2400000, 0x00000007b2400000, 0x00000007b2600000|  0%| F|  |TAMS 0x00000007b2400000| PB 0x00000007b2400000| Untracked |  0
| 723|0x00000007b2600000, 0x00000007b2600000, 0x00000007b2800000|  0%| F|  |TAMS 0x00000007b2600000| PB 0x00000007b2600000| Untracked |  0
| 724|0x00000007b2800000, 0x00000007b2800000, 0x00000007b2a00000|  0%| F|  |TAMS 0x00000007b2800000| PB 0x00000007b2800000| Untracked |  0
| 725|0x00000007b2a00000, 0x00000007b2a00000, 0x00000007b2c00000|  0%| F|  |TAMS 0x00000007b2a00000| PB 0x00000007b2a00000| Untracked |  0
| 726|0x00000007b2c00000, 0x00000007b2c00000, 0x00000007b2e00000|  0%| F|  |TAMS 0x00000007b2c00000| PB 0x00000007b2c00000| Untracked |  0
| 727|0x00000007b2e00000, 0x00000007b2e00000, 0x00000007b3000000|  0%| F|  |TAMS 0x00000007b2e00000| PB 0x00000007b2e00000| Untracked |  0
| 728|0x00000007b3000000, 0x00000007b3000000, 0x00000007b3200000|  0%| F|  |TAMS 0x00000007b3000000| PB 0x00000007b3000000| Untracked |  0
| 729|0x00000007b3200000, 0x00000007b3200000, 0x00000007b3400000|  0%| F|  |TAMS 0x00000007b3200000| PB 0x00000007b3200000| Untracked |  0
| 730|0x00000007b3400000, 0x00000007b3400000, 0x00000007b3600000|  0%| F|  |TAMS 0x00000007b3400000| PB 0x00000007b3400000| Untracked |  0
| 731|0x00000007b3600000, 0x00000007b3600000, 0x00000007b3800000|  0%| F|  |TAMS 0x00000007b3600000| PB 0x00000007b3600000| Untracked |  0
| 732|0x00000007b3800000, 0x00000007b3800000, 0x00000007b3a00000|  0%| F|  |TAMS 0x00000007b3800000| PB 0x00000007b3800000| Untracked |  0
| 733|0x00000007b3a00000, 0x00000007b3a00000, 0x00000007b3c00000|  0%| F|  |TAMS 0x00000007b3a00000| PB 0x00000007b3a00000| Untracked |  0
| 734|0x00000007b3c00000, 0x00000007b3c00000, 0x00000007b3e00000|  0%| F|  |TAMS 0x00000007b3c00000| PB 0x00000007b3c00000| Untracked |  0
| 735|0x00000007b3e00000, 0x00000007b3e00000, 0x00000007b4000000|  0%| F|  |TAMS 0x00000007b3e00000| PB 0x00000007b3e00000| Untracked |  0
| 736|0x00000007b4000000, 0x00000007b4000000, 0x00000007b4200000|  0%| F|  |TAMS 0x00000007b4000000| PB 0x00000007b4000000| Untracked |  0
| 737|0x00000007b4200000, 0x00000007b4200000, 0x00000007b4400000|  0%| F|  |TAMS 0x00000007b4200000| PB 0x00000007b4200000| Untracked |  0
| 738|0x00000007b4400000, 0x00000007b4400000, 0x00000007b4600000|  0%| F|  |TAMS 0x00000007b4400000| PB 0x00000007b4400000| Untracked |  0
| 739|0x00000007b4600000, 0x00000007b4600000, 0x00000007b4800000|  0%| F|  |TAMS 0x00000007b4600000| PB 0x00000007b4600000| Untracked |  0
| 740|0x00000007b4800000, 0x00000007b4800000, 0x00000007b4a00000|  0%| F|  |TAMS 0x00000007b4800000| PB 0x00000007b4800000| Untracked |  0
| 741|0x00000007b4a00000, 0x00000007b4a00000, 0x00000007b4c00000|  0%| F|  |TAMS 0x00000007b4a00000| PB 0x00000007b4a00000| Untracked |  0
| 742|0x00000007b4c00000, 0x00000007b4c00000, 0x00000007b4e00000|  0%| F|  |TAMS 0x00000007b4c00000| PB 0x00000007b4c00000| Untracked |  0
| 743|0x00000007b4e00000, 0x00000007b4e00000, 0x00000007b5000000|  0%| F|  |TAMS 0x00000007b4e00000| PB 0x00000007b4e00000| Untracked |  0
| 744|0x00000007b5000000, 0x00000007b5000000, 0x00000007b5200000|  0%| F|  |TAMS 0x00000007b5000000| PB 0x00000007b5000000| Untracked |  0
| 745|0x00000007b5200000, 0x00000007b5200000, 0x00000007b5400000|  0%| F|  |TAMS 0x00000007b5200000| PB 0x00000007b5200000| Untracked |  0
| 746|0x00000007b5400000, 0x00000007b5400000, 0x00000007b5600000|  0%| F|  |TAMS 0x00000007b5400000| PB 0x00000007b5400000| Untracked |  0
| 747|0x00000007b5600000, 0x00000007b5600000, 0x00000007b5800000|  0%| F|  |TAMS 0x00000007b5600000| PB 0x00000007b5600000| Untracked |  0
| 748|0x00000007b5800000, 0x00000007b5800000, 0x00000007b5a00000|  0%| F|  |TAMS 0x00000007b5800000| PB 0x00000007b5800000| Untracked |  0
| 749|0x00000007b5a00000, 0x00000007b5a00000, 0x00000007b5c00000|  0%| F|  |TAMS 0x00000007b5a00000| PB 0x00000007b5a00000| Untracked |  0
| 750|0x00000007b5c00000, 0x00000007b5c00000, 0x00000007b5e00000|  0%| F|  |TAMS 0x00000007b5c00000| PB 0x00000007b5c00000| Untracked |  0
| 751|0x00000007b5e00000, 0x00000007b5e00000, 0x00000007b6000000|  0%| F|  |TAMS 0x00000007b5e00000| PB 0x00000007b5e00000| Untracked |  0
| 752|0x00000007b6000000, 0x00000007b6000000, 0x00000007b6200000|  0%| F|  |TAMS 0x00000007b6000000| PB 0x00000007b6000000| Untracked |  0
| 753|0x00000007b6200000, 0x00000007b6200000, 0x00000007b6400000|  0%| F|  |TAMS 0x00000007b6200000| PB 0x00000007b6200000| Untracked |  0
| 754|0x00000007b6400000, 0x00000007b6400000, 0x00000007b6600000|  0%| F|  |TAMS 0x00000007b6400000| PB 0x00000007b6400000| Untracked |  0
| 755|0x00000007b6600000, 0x00000007b6600000, 0x00000007b6800000|  0%| F|  |TAMS 0x00000007b6600000| PB 0x00000007b6600000| Untracked |  0
| 756|0x00000007b6800000, 0x00000007b6800000, 0x00000007b6a00000|  0%| F|  |TAMS 0x00000007b6800000| PB 0x00000007b6800000| Untracked |  0
| 757|0x00000007b6a00000, 0x00000007b6a00000, 0x00000007b6c00000|  0%| F|  |TAMS 0x00000007b6a00000| PB 0x00000007b6a00000| Untracked |  0
| 758|0x00000007b6c00000, 0x00000007b6c00000, 0x00000007b6e00000|  0%| F|  |TAMS 0x00000007b6c00000| PB 0x00000007b6c00000| Untracked |  0
| 759|0x00000007b6e00000, 0x00000007b6e00000, 0x00000007b7000000|  0%| F|  |TAMS 0x00000007b6e00000| PB 0x00000007b6e00000| Untracked |  0
| 760|0x00000007b7000000, 0x00000007b7000000, 0x00000007b7200000|  0%| F|  |TAMS 0x00000007b7000000| PB 0x00000007b7000000| Untracked |  0
| 761|0x00000007b7200000, 0x00000007b7200000, 0x00000007b7400000|  0%| F|  |TAMS 0x00000007b7200000| PB 0x00000007b7200000| Untracked |  0
| 762|0x00000007b7400000, 0x00000007b7400000, 0x00000007b7600000|  0%| F|  |TAMS 0x00000007b7400000| PB 0x00000007b7400000| Untracked |  0
| 763|0x00000007b7600000, 0x00000007b7600000, 0x00000007b7800000|  0%| F|  |TAMS 0x00000007b7600000| PB 0x00000007b7600000| Untracked |  0
| 764|0x00000007b7800000, 0x00000007b7800000, 0x00000007b7a00000|  0%| F|  |TAMS 0x00000007b7800000| PB 0x00000007b7800000| Untracked |  0
| 765|0x00000007b7a00000, 0x00000007b7a00000, 0x00000007b7c00000|  0%| F|  |TAMS 0x00000007b7a00000| PB 0x00000007b7a00000| Untracked |  0
| 766|0x00000007b7c00000, 0x00000007b7c00000, 0x00000007b7e00000|  0%| F|  |TAMS 0x00000007b7c00000| PB 0x00000007b7c00000| Untracked |  0
| 767|0x00000007b7e00000, 0x00000007b7e00000, 0x00000007b8000000|  0%| F|  |TAMS 0x00000007b7e00000| PB 0x00000007b7e00000| Untracked |  0
| 768|0x00000007b8000000, 0x00000007b8000000, 0x00000007b8200000|  0%| F|  |TAMS 0x00000007b8000000| PB 0x00000007b8000000| Untracked |  0
| 769|0x00000007b8200000, 0x00000007b8200000, 0x00000007b8400000|  0%| F|  |TAMS 0x00000007b8200000| PB 0x00000007b8200000| Untracked |  0
| 770|0x00000007b8400000, 0x00000007b8400000, 0x00000007b8600000|  0%| F|  |TAMS 0x00000007b8400000| PB 0x00000007b8400000| Untracked |  0
| 771|0x00000007b8600000, 0x00000007b8600000, 0x00000007b8800000|  0%| F|  |TAMS 0x00000007b8600000| PB 0x00000007b8600000| Untracked |  0
| 772|0x00000007b8800000, 0x00000007b8800000, 0x00000007b8a00000|  0%| F|  |TAMS 0x00000007b8800000| PB 0x00000007b8800000| Untracked |  0
| 773|0x00000007b8a00000, 0x00000007b8a00000, 0x00000007b8c00000|  0%| F|  |TAMS 0x00000007b8a00000| PB 0x00000007b8a00000| Untracked |  0
| 774|0x00000007b8c00000, 0x00000007b8c00000, 0x00000007b8e00000|  0%| F|  |TAMS 0x00000007b8c00000| PB 0x00000007b8c00000| Untracked |  0
| 775|0x00000007b8e00000, 0x00000007b8e00000, 0x00000007b9000000|  0%| F|  |TAMS 0x00000007b8e00000| PB 0x00000007b8e00000| Untracked |  0
| 776|0x00000007b9000000, 0x00000007b9000000, 0x00000007b9200000|  0%| F|  |TAMS 0x00000007b9000000| PB 0x00000007b9000000| Untracked |  0
| 777|0x00000007b9200000, 0x00000007b9200000, 0x00000007b9400000|  0%| F|  |TAMS 0x00000007b9200000| PB 0x00000007b9200000| Untracked |  0
| 778|0x00000007b9400000, 0x00000007b9400000, 0x00000007b9600000|  0%| F|  |TAMS 0x00000007b9400000| PB 0x00000007b9400000| Untracked |  0
| 779|0x00000007b9600000, 0x00000007b9600000, 0x00000007b9800000|  0%| F|  |TAMS 0x00000007b9600000| PB 0x00000007b9600000| Untracked |  0
| 780|0x00000007b9800000, 0x00000007b9800000, 0x00000007b9a00000|  0%| F|  |TAMS 0x00000007b9800000| PB 0x00000007b9800000| Untracked |  0
| 781|0x00000007b9a00000, 0x00000007b9a00000, 0x00000007b9c00000|  0%| F|  |TAMS 0x00000007b9a00000| PB 0x00000007b9a00000| Untracked |  0
| 782|0x00000007b9c00000, 0x00000007b9c00000, 0x00000007b9e00000|  0%| F|  |TAMS 0x00000007b9c00000| PB 0x00000007b9c00000| Untracked |  0
| 783|0x00000007b9e00000, 0x00000007b9e00000, 0x00000007ba000000|  0%| F|  |TAMS 0x00000007b9e00000| PB 0x00000007b9e00000| Untracked |  0
| 784|0x00000007ba000000, 0x00000007ba000000, 0x00000007ba200000|  0%| F|  |TAMS 0x00000007ba000000| PB 0x00000007ba000000| Untracked |  0
| 785|0x00000007ba200000, 0x00000007ba200000, 0x00000007ba400000|  0%| F|  |TAMS 0x00000007ba200000| PB 0x00000007ba200000| Untracked |  0
| 786|0x00000007ba400000, 0x00000007ba400000, 0x00000007ba600000|  0%| F|  |TAMS 0x00000007ba400000| PB 0x00000007ba400000| Untracked |  0
| 787|0x00000007ba600000, 0x00000007ba600000, 0x00000007ba800000|  0%| F|  |TAMS 0x00000007ba600000| PB 0x00000007ba600000| Untracked |  0
| 788|0x00000007ba800000, 0x00000007ba800000, 0x00000007baa00000|  0%| F|  |TAMS 0x00000007ba800000| PB 0x00000007ba800000| Untracked |  0
| 789|0x00000007baa00000, 0x00000007baa00000, 0x00000007bac00000|  0%| F|  |TAMS 0x00000007baa00000| PB 0x00000007baa00000| Untracked |  0
| 790|0x00000007bac00000, 0x00000007bac00000, 0x00000007bae00000|  0%| F|  |TAMS 0x00000007bac00000| PB 0x00000007bac00000| Untracked |  0
| 791|0x00000007bae00000, 0x00000007bae00000, 0x00000007bb000000|  0%| F|  |TAMS 0x00000007bae00000| PB 0x00000007bae00000| Untracked |  0
| 792|0x00000007bb000000, 0x00000007bb000000, 0x00000007bb200000|  0%| F|  |TAMS 0x00000007bb000000| PB 0x00000007bb000000| Untracked |  0
| 793|0x00000007bb200000, 0x00000007bb200000, 0x00000007bb400000|  0%| F|  |TAMS 0x00000007bb200000| PB 0x00000007bb200000| Untracked |  0
| 794|0x00000007bb400000, 0x00000007bb400000, 0x00000007bb600000|  0%| F|  |TAMS 0x00000007bb400000| PB 0x00000007bb400000| Untracked |  0
| 795|0x00000007bb600000, 0x00000007bb600000, 0x00000007bb800000|  0%| F|  |TAMS 0x00000007bb600000| PB 0x00000007bb600000| Untracked |  0
| 796|0x00000007bb800000, 0x00000007bb800000, 0x00000007bba00000|  0%| F|  |TAMS 0x00000007bb800000| PB 0x00000007bb800000| Untracked |  0
| 797|0x00000007bba00000, 0x00000007bba00000, 0x00000007bbc00000|  0%| F|  |TAMS 0x00000007bba00000| PB 0x00000007bba00000| Untracked |  0
| 798|0x00000007bbc00000, 0x00000007bbc00000, 0x00000007bbe00000|  0%| F|  |TAMS 0x00000007bbc00000| PB 0x00000007bbc00000| Untracked |  0
| 799|0x00000007bbe00000, 0x00000007bbe00000, 0x00000007bc000000|  0%| F|  |TAMS 0x00000007bbe00000| PB 0x00000007bbe00000| Untracked |  0
| 800|0x00000007bc000000, 0x00000007bc000000, 0x00000007bc200000|  0%| F|  |TAMS 0x00000007bc000000| PB 0x00000007bc000000| Untracked |  0
| 801|0x00000007bc200000, 0x00000007bc200000, 0x00000007bc400000|  0%| F|  |TAMS 0x00000007bc200000| PB 0x00000007bc200000| Untracked |  0
| 802|0x00000007bc400000, 0x00000007bc400000, 0x00000007bc600000|  0%| F|  |TAMS 0x00000007bc400000| PB 0x00000007bc400000| Untracked |  0
| 803|0x00000007bc600000, 0x00000007bc600000, 0x00000007bc800000|  0%| F|  |TAMS 0x00000007bc600000| PB 0x00000007bc600000| Untracked |  0
| 804|0x00000007bc800000, 0x00000007bc800000, 0x00000007bca00000|  0%| F|  |TAMS 0x00000007bc800000| PB 0x00000007bc800000| Untracked |  0
| 805|0x00000007bca00000, 0x00000007bca00000, 0x00000007bcc00000|  0%| F|  |TAMS 0x00000007bca00000| PB 0x00000007bca00000| Untracked |  0
| 806|0x00000007bcc00000, 0x00000007bcc00000, 0x00000007bce00000|  0%| F|  |TAMS 0x00000007bcc00000| PB 0x00000007bcc00000| Untracked |  0
| 807|0x00000007bce00000, 0x00000007bce00000, 0x00000007bd000000|  0%| F|  |TAMS 0x00000007bce00000| PB 0x00000007bce00000| Untracked |  0
| 808|0x00000007bd000000, 0x00000007bd000000, 0x00000007bd200000|  0%| F|  |TAMS 0x00000007bd000000| PB 0x00000007bd000000| Untracked |  0
| 809|0x00000007bd200000, 0x00000007bd200000, 0x00000007bd400000|  0%| F|  |TAMS 0x00000007bd200000| PB 0x00000007bd200000| Untracked |  0
| 810|0x00000007bd400000, 0x00000007bd400000, 0x00000007bd600000|  0%| F|  |TAMS 0x00000007bd400000| PB 0x00000007bd400000| Untracked |  0
| 811|0x00000007bd600000, 0x00000007bd600000, 0x00000007bd800000|  0%| F|  |TAMS 0x00000007bd600000| PB 0x00000007bd600000| Untracked |  0
| 812|0x00000007bd800000, 0x00000007bd800000, 0x00000007bda00000|  0%| F|  |TAMS 0x00000007bd800000| PB 0x00000007bd800000| Untracked |  0
| 813|0x00000007bda00000, 0x00000007bda00000, 0x00000007bdc00000|  0%| F|  |TAMS 0x00000007bda00000| PB 0x00000007bda00000| Untracked |  0
| 814|0x00000007bdc00000, 0x00000007bdc00000, 0x00000007bde00000|  0%| F|  |TAMS 0x00000007bdc00000| PB 0x00000007bdc00000| Untracked |  0
| 815|0x00000007bde00000, 0x00000007bde00000, 0x00000007be000000|  0%| F|  |TAMS 0x00000007bde00000| PB 0x00000007bde00000| Untracked |  0
| 816|0x00000007be000000, 0x00000007be000000, 0x00000007be200000|  0%| F|  |TAMS 0x00000007be000000| PB 0x00000007be000000| Untracked |  0
| 817|0x00000007be200000, 0x00000007be200000, 0x00000007be400000|  0%| F|  |TAMS 0x00000007be200000| PB 0x00000007be200000| Untracked |  0
| 818|0x00000007be400000, 0x00000007be400000, 0x00000007be600000|  0%| F|  |TAMS 0x00000007be400000| PB 0x00000007be400000| Untracked |  0
| 819|0x00000007be600000, 0x00000007be600000, 0x00000007be800000|  0%| F|  |TAMS 0x00000007be600000| PB 0x00000007be600000| Untracked |  0
| 820|0x00000007be800000, 0x00000007be800000, 0x00000007bea00000|  0%| F|  |TAMS 0x00000007be800000| PB 0x00000007be800000| Untracked |  0
| 821|0x00000007bea00000, 0x00000007bea00000, 0x00000007bec00000|  0%| F|  |TAMS 0x00000007bea00000| PB 0x00000007bea00000| Untracked |  0
| 822|0x00000007bec00000, 0x00000007bec00000, 0x00000007bee00000|  0%| F|  |TAMS 0x00000007bec00000| PB 0x00000007bec00000| Untracked |  0
| 823|0x00000007bee00000, 0x00000007bee00000, 0x00000007bf000000|  0%| F|  |TAMS 0x00000007bee00000| PB 0x00000007bee00000| Untracked |  0
| 824|0x00000007bf000000, 0x00000007bf000000, 0x00000007bf200000|  0%| F|  |TAMS 0x00000007bf000000| PB 0x00000007bf000000| Untracked |  0
| 825|0x00000007bf200000, 0x00000007bf200000, 0x00000007bf400000|  0%| F|  |TAMS 0x00000007bf200000| PB 0x00000007bf200000| Untracked |  0
| 826|0x00000007bf400000, 0x00000007bf400000, 0x00000007bf600000|  0%| F|  |TAMS 0x00000007bf400000| PB 0x00000007bf400000| Untracked |  0
| 827|0x00000007bf600000, 0x00000007bf600000, 0x00000007bf800000|  0%| F|  |TAMS 0x00000007bf600000| PB 0x00000007bf600000| Untracked |  0
| 828|0x00000007bf800000, 0x00000007bf800000, 0x00000007bfa00000|  0%| F|  |TAMS 0x00000007bf800000| PB 0x00000007bf800000| Untracked |  0
| 829|0x00000007bfa00000, 0x00000007bfa00000, 0x00000007bfc00000|  0%| F|  |TAMS 0x00000007bfa00000| PB 0x00000007bfa00000| Untracked |  0
| 830|0x00000007bfc00000, 0x00000007bfc00000, 0x00000007bfe00000|  0%| F|  |TAMS 0x00000007bfc00000| PB 0x00000007bfc00000| Untracked |  0
| 831|0x00000007bfe00000, 0x00000007bfe00000, 0x00000007c0000000|  0%| F|  |TAMS 0x00000007bfe00000| PB 0x00000007bfe00000| Untracked |  0
| 832|0x00000007c0000000, 0x00000007c0000000, 0x00000007c0200000|  0%| F|  |TAMS 0x00000007c0000000| PB 0x00000007c0000000| Untracked |  0
| 833|0x00000007c0200000, 0x00000007c0200000, 0x00000007c0400000|  0%| F|  |TAMS 0x00000007c0200000| PB 0x00000007c0200000| Untracked |  0
| 834|0x00000007c0400000, 0x00000007c0400000, 0x00000007c0600000|  0%| F|  |TAMS 0x00000007c0400000| PB 0x00000007c0400000| Untracked |  0
| 835|0x00000007c0600000, 0x00000007c0600000, 0x00000007c0800000|  0%| F|  |TAMS 0x00000007c0600000| PB 0x00000007c0600000| Untracked |  0
| 836|0x00000007c0800000, 0x00000007c0800000, 0x00000007c0a00000|  0%| F|  |TAMS 0x00000007c0800000| PB 0x00000007c0800000| Untracked |  0
| 837|0x00000007c0a00000, 0x00000007c0a00000, 0x00000007c0c00000|  0%| F|  |TAMS 0x00000007c0a00000| PB 0x00000007c0a00000| Untracked |  0
| 838|0x00000007c0c00000, 0x00000007c0c00000, 0x00000007c0e00000|  0%| F|  |TAMS 0x00000007c0c00000| PB 0x00000007c0c00000| Untracked |  0
| 839|0x00000007c0e00000, 0x00000007c0e00000, 0x00000007c1000000|  0%| F|  |TAMS 0x00000007c0e00000| PB 0x00000007c0e00000| Untracked |  0
| 840|0x00000007c1000000, 0x00000007c1000000, 0x00000007c1200000|  0%| F|  |TAMS 0x00000007c1000000| PB 0x00000007c1000000| Untracked |  0
| 841|0x00000007c1200000, 0x00000007c1200000, 0x00000007c1400000|  0%| F|  |TAMS 0x00000007c1200000| PB 0x00000007c1200000| Untracked |  0
| 842|0x00000007c1400000, 0x00000007c1400000, 0x00000007c1600000|  0%| F|  |TAMS 0x00000007c1400000| PB 0x00000007c1400000| Untracked |  0
| 843|0x00000007c1600000, 0x00000007c1600000, 0x00000007c1800000|  0%| F|  |TAMS 0x00000007c1600000| PB 0x00000007c1600000| Untracked |  0
| 844|0x00000007c1800000, 0x00000007c1800000, 0x00000007c1a00000|  0%| F|  |TAMS 0x00000007c1800000| PB 0x00000007c1800000| Untracked |  0
| 845|0x00000007c1a00000, 0x00000007c1a00000, 0x00000007c1c00000|  0%| F|  |TAMS 0x00000007c1a00000| PB 0x00000007c1a00000| Untracked |  0
| 846|0x00000007c1c00000, 0x00000007c1c00000, 0x00000007c1e00000|  0%| F|  |TAMS 0x00000007c1c00000| PB 0x00000007c1c00000| Untracked |  0
| 847|0x00000007c1e00000, 0x00000007c1e00000, 0x00000007c2000000|  0%| F|  |TAMS 0x00000007c1e00000| PB 0x00000007c1e00000| Untracked |  0
| 848|0x00000007c2000000, 0x00000007c2000000, 0x00000007c2200000|  0%| F|  |TAMS 0x00000007c2000000| PB 0x00000007c2000000| Untracked |  0
| 849|0x00000007c2200000, 0x00000007c2200000, 0x00000007c2400000|  0%| F|  |TAMS 0x00000007c2200000| PB 0x00000007c2200000| Untracked |  0
| 850|0x00000007c2400000, 0x00000007c2400000, 0x00000007c2600000|  0%| F|  |TAMS 0x00000007c2400000| PB 0x00000007c2400000| Untracked |  0
| 851|0x00000007c2600000, 0x00000007c2600000, 0x00000007c2800000|  0%| F|  |TAMS 0x00000007c2600000| PB 0x00000007c2600000| Untracked |  0
| 852|0x00000007c2800000, 0x00000007c2800000, 0x00000007c2a00000|  0%| F|  |TAMS 0x00000007c2800000| PB 0x00000007c2800000| Untracked |  0
| 853|0x00000007c2a00000, 0x00000007c2a00000, 0x00000007c2c00000|  0%| F|  |TAMS 0x00000007c2a00000| PB 0x00000007c2a00000| Untracked |  0
| 854|0x00000007c2c00000, 0x00000007c2c00000, 0x00000007c2e00000|  0%| F|  |TAMS 0x00000007c2c00000| PB 0x00000007c2c00000| Untracked |  0
| 855|0x00000007c2e00000, 0x00000007c2e00000, 0x00000007c3000000|  0%| F|  |TAMS 0x00000007c2e00000| PB 0x00000007c2e00000| Untracked |  0
| 856|0x00000007c3000000, 0x00000007c3000000, 0x00000007c3200000|  0%| F|  |TAMS 0x00000007c3000000| PB 0x00000007c3000000| Untracked |  0
| 857|0x00000007c3200000, 0x00000007c3200000, 0x00000007c3400000|  0%| F|  |TAMS 0x00000007c3200000| PB 0x00000007c3200000| Untracked |  0
| 858|0x00000007c3400000, 0x00000007c3400000, 0x00000007c3600000|  0%| F|  |TAMS 0x00000007c3400000| PB 0x00000007c3400000| Untracked |  0
| 859|0x00000007c3600000, 0x00000007c3600000, 0x00000007c3800000|  0%| F|  |TAMS 0x00000007c3600000| PB 0x00000007c3600000| Untracked |  0
| 860|0x00000007c3800000, 0x00000007c3800000, 0x00000007c3a00000|  0%| F|  |TAMS 0x00000007c3800000| PB 0x00000007c3800000| Untracked |  0
| 861|0x00000007c3a00000, 0x00000007c3a00000, 0x00000007c3c00000|  0%| F|  |TAMS 0x00000007c3a00000| PB 0x00000007c3a00000| Untracked |  0
| 862|0x00000007c3c00000, 0x00000007c3c00000, 0x00000007c3e00000|  0%| F|  |TAMS 0x00000007c3c00000| PB 0x00000007c3c00000| Untracked |  0
| 863|0x00000007c3e00000, 0x00000007c3e00000, 0x00000007c4000000|  0%| F|  |TAMS 0x00000007c3e00000| PB 0x00000007c3e00000| Untracked |  0
| 864|0x00000007c4000000, 0x00000007c4000000, 0x00000007c4200000|  0%| F|  |TAMS 0x00000007c4000000| PB 0x00000007c4000000| Untracked |  0
| 865|0x00000007c4200000, 0x00000007c4200000, 0x00000007c4400000|  0%| F|  |TAMS 0x00000007c4200000| PB 0x00000007c4200000| Untracked |  0
| 866|0x00000007c4400000, 0x00000007c4400000, 0x00000007c4600000|  0%| F|  |TAMS 0x00000007c4400000| PB 0x00000007c4400000| Untracked |  0
| 867|0x00000007c4600000, 0x00000007c4600000, 0x00000007c4800000|  0%| F|  |TAMS 0x00000007c4600000| PB 0x00000007c4600000| Untracked |  0
| 868|0x00000007c4800000, 0x00000007c4800000, 0x00000007c4a00000|  0%| F|  |TAMS 0x00000007c4800000| PB 0x00000007c4800000| Untracked |  0
| 869|0x00000007c4a00000, 0x00000007c4a00000, 0x00000007c4c00000|  0%| F|  |TAMS 0x00000007c4a00000| PB 0x00000007c4a00000| Untracked |  0
| 870|0x00000007c4c00000, 0x00000007c4c00000, 0x00000007c4e00000|  0%| F|  |TAMS 0x00000007c4c00000| PB 0x00000007c4c00000| Untracked |  0
| 871|0x00000007c4e00000, 0x00000007c4e00000, 0x00000007c5000000|  0%| F|  |TAMS 0x00000007c4e00000| PB 0x00000007c4e00000| Untracked |  0
| 872|0x00000007c5000000, 0x00000007c5000000, 0x00000007c5200000|  0%| F|  |TAMS 0x00000007c5000000| PB 0x00000007c5000000| Untracked |  0
| 873|0x00000007c5200000, 0x00000007c5200000, 0x00000007c5400000|  0%| F|  |TAMS 0x00000007c5200000| PB 0x00000007c5200000| Untracked |  0
| 874|0x00000007c5400000, 0x00000007c5400000, 0x00000007c5600000|  0%| F|  |TAMS 0x00000007c5400000| PB 0x00000007c5400000| Untracked |  0
| 875|0x00000007c5600000, 0x00000007c5600000, 0x00000007c5800000|  0%| F|  |TAMS 0x00000007c5600000| PB 0x00000007c5600000| Untracked |  0
| 876|0x00000007c5800000, 0x00000007c5800000, 0x00000007c5a00000|  0%| F|  |TAMS 0x00000007c5800000| PB 0x00000007c5800000| Untracked |  0
| 877|0x00000007c5a00000, 0x00000007c5a00000, 0x00000007c5c00000|  0%| F|  |TAMS 0x00000007c5a00000| PB 0x00000007c5a00000| Untracked |  0
| 878|0x00000007c5c00000, 0x00000007c5c00000, 0x00000007c5e00000|  0%| F|  |TAMS 0x00000007c5c00000| PB 0x00000007c5c00000| Untracked |  0
| 879|0x00000007c5e00000, 0x00000007c5e00000, 0x00000007c6000000|  0%| F|  |TAMS 0x00000007c5e00000| PB 0x00000007c5e00000| Untracked |  0
| 880|0x00000007c6000000, 0x00000007c6000000, 0x00000007c6200000|  0%| F|  |TAMS 0x00000007c6000000| PB 0x00000007c6000000| Untracked |  0
| 881|0x00000007c6200000, 0x00000007c6200000, 0x00000007c6400000|  0%| F|  |TAMS 0x00000007c6200000| PB 0x00000007c6200000| Untracked |  0
| 882|0x00000007c6400000, 0x00000007c6400000, 0x00000007c6600000|  0%| F|  |TAMS 0x00000007c6400000| PB 0x00000007c6400000| Untracked |  0
| 883|0x00000007c6600000, 0x00000007c6600000, 0x00000007c6800000|  0%| F|  |TAMS 0x00000007c6600000| PB 0x00000007c6600000| Untracked |  0
| 884|0x00000007c6800000, 0x00000007c6800000, 0x00000007c6a00000|  0%| F|  |TAMS 0x00000007c6800000| PB 0x00000007c6800000| Untracked |  0
| 885|0x00000007c6a00000, 0x00000007c6a00000, 0x00000007c6c00000|  0%| F|  |TAMS 0x00000007c6a00000| PB 0x00000007c6a00000| Untracked |  0
| 886|0x00000007c6c00000, 0x00000007c6c00000, 0x00000007c6e00000|  0%| F|  |TAMS 0x00000007c6c00000| PB 0x00000007c6c00000| Untracked |  0
| 887|0x00000007c6e00000, 0x00000007c6e00000, 0x00000007c7000000|  0%| F|  |TAMS 0x00000007c6e00000| PB 0x00000007c6e00000| Untracked |  0
| 888|0x00000007c7000000, 0x00000007c7000000, 0x00000007c7200000|  0%| F|  |TAMS 0x00000007c7000000| PB 0x00000007c7000000| Untracked |  0
| 889|0x00000007c7200000, 0x00000007c7200000, 0x00000007c7400000|  0%| F|  |TAMS 0x00000007c7200000| PB 0x00000007c7200000| Untracked |  0
| 890|0x00000007c7400000, 0x00000007c7400000, 0x00000007c7600000|  0%| F|  |TAMS 0x00000007c7400000| PB 0x00000007c7400000| Untracked |  0
| 891|0x00000007c7600000, 0x00000007c7600000, 0x00000007c7800000|  0%| F|  |TAMS 0x00000007c7600000| PB 0x00000007c7600000| Untracked |  0
| 892|0x00000007c7800000, 0x00000007c7800000, 0x00000007c7a00000|  0%| F|  |TAMS 0x00000007c7800000| PB 0x00000007c7800000| Untracked |  0
| 893|0x00000007c7a00000, 0x00000007c7a00000, 0x00000007c7c00000|  0%| F|  |TAMS 0x00000007c7a00000| PB 0x00000007c7a00000| Untracked |  0
| 894|0x00000007c7c00000, 0x00000007c7c00000, 0x00000007c7e00000|  0%| F|  |TAMS 0x00000007c7c00000| PB 0x00000007c7c00000| Untracked |  0
| 895|0x00000007c7e00000, 0x00000007c7e00000, 0x00000007c8000000|  0%| F|  |TAMS 0x00000007c7e00000| PB 0x00000007c7e00000| Untracked |  0
| 896|0x00000007c8000000, 0x00000007c8000000, 0x00000007c8200000|  0%| F|  |TAMS 0x00000007c8000000| PB 0x00000007c8000000| Untracked |  0
| 897|0x00000007c8200000, 0x00000007c8200000, 0x00000007c8400000|  0%| F|  |TAMS 0x00000007c8200000| PB 0x00000007c8200000| Untracked |  0
| 898|0x00000007c8400000, 0x00000007c8400000, 0x00000007c8600000|  0%| F|  |TAMS 0x00000007c8400000| PB 0x00000007c8400000| Untracked |  0
| 899|0x00000007c8600000, 0x00000007c8600000, 0x00000007c8800000|  0%| F|  |TAMS 0x00000007c8600000| PB 0x00000007c8600000| Untracked |  0
| 900|0x00000007c8800000, 0x00000007c8800000, 0x00000007c8a00000|  0%| F|  |TAMS 0x00000007c8800000| PB 0x00000007c8800000| Untracked |  0
| 901|0x00000007c8a00000, 0x00000007c8a00000, 0x00000007c8c00000|  0%| F|  |TAMS 0x00000007c8a00000| PB 0x00000007c8a00000| Untracked |  0
| 902|0x00000007c8c00000, 0x00000007c8c00000, 0x00000007c8e00000|  0%| F|  |TAMS 0x00000007c8c00000| PB 0x00000007c8c00000| Untracked |  0
| 903|0x00000007c8e00000, 0x00000007c8e00000, 0x00000007c9000000|  0%| F|  |TAMS 0x00000007c8e00000| PB 0x00000007c8e00000| Untracked |  0
| 904|0x00000007c9000000, 0x00000007c9000000, 0x00000007c9200000|  0%| F|  |TAMS 0x00000007c9000000| PB 0x00000007c9000000| Untracked |  0
| 905|0x00000007c9200000, 0x00000007c9200000, 0x00000007c9400000|  0%| F|  |TAMS 0x00000007c9200000| PB 0x00000007c9200000| Untracked |  0
| 906|0x00000007c9400000, 0x00000007c9400000, 0x00000007c9600000|  0%| F|  |TAMS 0x00000007c9400000| PB 0x00000007c9400000| Untracked |  0
| 907|0x00000007c9600000, 0x00000007c9600000, 0x00000007c9800000|  0%| F|  |TAMS 0x00000007c9600000| PB 0x00000007c9600000| Untracked |  0
| 908|0x00000007c9800000, 0x00000007c9800000, 0x00000007c9a00000|  0%| F|  |TAMS 0x00000007c9800000| PB 0x00000007c9800000| Untracked |  0
| 909|0x00000007c9a00000, 0x00000007c9a00000, 0x00000007c9c00000|  0%| F|  |TAMS 0x00000007c9a00000| PB 0x00000007c9a00000| Untracked |  0
| 910|0x00000007c9c00000, 0x00000007c9c00000, 0x00000007c9e00000|  0%| F|  |TAMS 0x00000007c9c00000| PB 0x00000007c9c00000| Untracked |  0
| 911|0x00000007c9e00000, 0x00000007c9e00000, 0x00000007ca000000|  0%| F|  |TAMS 0x00000007c9e00000| PB 0x00000007c9e00000| Untracked |  0
| 912|0x00000007ca000000, 0x00000007ca000000, 0x00000007ca200000|  0%| F|  |TAMS 0x00000007ca000000| PB 0x00000007ca000000| Untracked |  0
| 913|0x00000007ca200000, 0x00000007ca200000, 0x00000007ca400000|  0%| F|  |TAMS 0x00000007ca200000| PB 0x00000007ca200000| Untracked |  0
| 914|0x00000007ca400000, 0x00000007ca400000, 0x00000007ca600000|  0%| F|  |TAMS 0x00000007ca400000| PB 0x00000007ca400000| Untracked |  0
| 915|0x00000007ca600000, 0x00000007ca600000, 0x00000007ca800000|  0%| F|  |TAMS 0x00000007ca600000| PB 0x00000007ca600000| Untracked |  0
| 916|0x00000007ca800000, 0x00000007ca800000, 0x00000007caa00000|  0%| F|  |TAMS 0x00000007ca800000| PB 0x00000007ca800000| Untracked |  0
| 917|0x00000007caa00000, 0x00000007caa00000, 0x00000007cac00000|  0%| F|  |TAMS 0x00000007caa00000| PB 0x00000007caa00000| Untracked |  0
| 918|0x00000007cac00000, 0x00000007cac00000, 0x00000007cae00000|  0%| F|  |TAMS 0x00000007cac00000| PB 0x00000007cac00000| Untracked |  0
| 919|0x00000007cae00000, 0x00000007cae00000, 0x00000007cb000000|  0%| F|  |TAMS 0x00000007cae00000| PB 0x00000007cae00000| Untracked |  0
| 920|0x00000007cb000000, 0x00000007cb000000, 0x00000007cb200000|  0%| F|  |TAMS 0x00000007cb000000| PB 0x00000007cb000000| Untracked |  0
| 921|0x00000007cb200000, 0x00000007cb200000, 0x00000007cb400000|  0%| F|  |TAMS 0x00000007cb200000| PB 0x00000007cb200000| Untracked |  0
| 922|0x00000007cb400000, 0x00000007cb400000, 0x00000007cb600000|  0%| F|  |TAMS 0x00000007cb400000| PB 0x00000007cb400000| Untracked |  0
| 923|0x00000007cb600000, 0x00000007cb600000, 0x00000007cb800000|  0%| F|  |TAMS 0x00000007cb600000| PB 0x00000007cb600000| Untracked |  0
| 924|0x00000007cb800000, 0x00000007cb800000, 0x00000007cba00000|  0%| F|  |TAMS 0x00000007cb800000| PB 0x00000007cb800000| Untracked |  0
| 925|0x00000007cba00000, 0x00000007cba00000, 0x00000007cbc00000|  0%| F|  |TAMS 0x00000007cba00000| PB 0x00000007cba00000| Untracked |  0
| 926|0x00000007cbc00000, 0x00000007cbc00000, 0x00000007cbe00000|  0%| F|  |TAMS 0x00000007cbc00000| PB 0x00000007cbc00000| Untracked |  0
| 927|0x00000007cbe00000, 0x00000007cbe00000, 0x00000007cc000000|  0%| F|  |TAMS 0x00000007cbe00000| PB 0x00000007cbe00000| Untracked |  0
| 928|0x00000007cc000000, 0x00000007cc000000, 0x00000007cc200000|  0%| F|  |TAMS 0x00000007cc000000| PB 0x00000007cc000000| Untracked |  0
| 929|0x00000007cc200000, 0x00000007cc200000, 0x00000007cc400000|  0%| F|  |TAMS 0x00000007cc200000| PB 0x00000007cc200000| Untracked |  0
| 930|0x00000007cc400000, 0x00000007cc400000, 0x00000007cc600000|  0%| F|  |TAMS 0x00000007cc400000| PB 0x00000007cc400000| Untracked |  0
| 931|0x00000007cc600000, 0x00000007cc600000, 0x00000007cc800000|  0%| F|  |TAMS 0x00000007cc600000| PB 0x00000007cc600000| Untracked |  0
| 932|0x00000007cc800000, 0x00000007cc800000, 0x00000007cca00000|  0%| F|  |TAMS 0x00000007cc800000| PB 0x00000007cc800000| Untracked |  0
| 933|0x00000007cca00000, 0x00000007cca00000, 0x00000007ccc00000|  0%| F|  |TAMS 0x00000007cca00000| PB 0x00000007cca00000| Untracked |  0
| 934|0x00000007ccc00000, 0x00000007ccc00000, 0x00000007cce00000|  0%| F|  |TAMS 0x00000007ccc00000| PB 0x00000007ccc00000| Untracked |  0
| 935|0x00000007cce00000, 0x00000007cce00000, 0x00000007cd000000|  0%| F|  |TAMS 0x00000007cce00000| PB 0x00000007cce00000| Untracked |  0
| 936|0x00000007cd000000, 0x00000007cd000000, 0x00000007cd200000|  0%| F|  |TAMS 0x00000007cd000000| PB 0x00000007cd000000| Untracked |  0
| 937|0x00000007cd200000, 0x00000007cd200000, 0x00000007cd400000|  0%| F|  |TAMS 0x00000007cd200000| PB 0x00000007cd200000| Untracked |  0
| 938|0x00000007cd400000, 0x00000007cd400000, 0x00000007cd600000|  0%| F|  |TAMS 0x00000007cd400000| PB 0x00000007cd400000| Untracked |  0
| 939|0x00000007cd600000, 0x00000007cd600000, 0x00000007cd800000|  0%| F|  |TAMS 0x00000007cd600000| PB 0x00000007cd600000| Untracked |  0
| 940|0x00000007cd800000, 0x00000007cd800000, 0x00000007cda00000|  0%| F|  |TAMS 0x00000007cd800000| PB 0x00000007cd800000| Untracked |  0
| 941|0x00000007cda00000, 0x00000007cda00000, 0x00000007cdc00000|  0%| F|  |TAMS 0x00000007cda00000| PB 0x00000007cda00000| Untracked |  0
| 942|0x00000007cdc00000, 0x00000007cdc00000, 0x00000007cde00000|  0%| F|  |TAMS 0x00000007cdc00000| PB 0x00000007cdc00000| Untracked |  0
| 943|0x00000007cde00000, 0x00000007cde00000, 0x00000007ce000000|  0%| F|  |TAMS 0x00000007cde00000| PB 0x00000007cde00000| Untracked |  0
| 944|0x00000007ce000000, 0x00000007ce000000, 0x00000007ce200000|  0%| F|  |TAMS 0x00000007ce000000| PB 0x00000007ce000000| Untracked |  0
| 945|0x00000007ce200000, 0x00000007ce200000, 0x00000007ce400000|  0%| F|  |TAMS 0x00000007ce200000| PB 0x00000007ce200000| Untracked |  0
| 946|0x00000007ce400000, 0x00000007ce400000, 0x00000007ce600000|  0%| F|  |TAMS 0x00000007ce400000| PB 0x00000007ce400000| Untracked |  0
| 947|0x00000007ce600000, 0x00000007ce600000, 0x00000007ce800000|  0%| F|  |TAMS 0x00000007ce600000| PB 0x00000007ce600000| Untracked |  0
| 948|0x00000007ce800000, 0x00000007ce800000, 0x00000007cea00000|  0%| F|  |TAMS 0x00000007ce800000| PB 0x00000007ce800000| Untracked |  0
| 949|0x00000007cea00000, 0x00000007cea00000, 0x00000007cec00000|  0%| F|  |TAMS 0x00000007cea00000| PB 0x00000007cea00000| Untracked |  0
| 950|0x00000007cec00000, 0x00000007cec00000, 0x00000007cee00000|  0%| F|  |TAMS 0x00000007cec00000| PB 0x00000007cec00000| Untracked |  0
| 951|0x00000007cee00000, 0x00000007cee00000, 0x00000007cf000000|  0%| F|  |TAMS 0x00000007cee00000| PB 0x00000007cee00000| Untracked |  0
| 952|0x00000007cf000000, 0x00000007cf000000, 0x00000007cf200000|  0%| F|  |TAMS 0x00000007cf000000| PB 0x00000007cf000000| Untracked |  0
| 953|0x00000007cf200000, 0x00000007cf200000, 0x00000007cf400000|  0%| F|  |TAMS 0x00000007cf200000| PB 0x00000007cf200000| Untracked |  0
| 954|0x00000007cf400000, 0x00000007cf400000, 0x00000007cf600000|  0%| F|  |TAMS 0x00000007cf400000| PB 0x00000007cf400000| Untracked |  0
| 955|0x00000007cf600000, 0x00000007cf600000, 0x00000007cf800000|  0%| F|  |TAMS 0x00000007cf600000| PB 0x00000007cf600000| Untracked |  0
| 956|0x00000007cf800000, 0x00000007cf800000, 0x00000007cfa00000|  0%| F|  |TAMS 0x00000007cf800000| PB 0x00000007cf800000| Untracked |  0
| 957|0x00000007cfa00000, 0x00000007cfa00000, 0x00000007cfc00000|  0%| F|  |TAMS 0x00000007cfa00000| PB 0x00000007cfa00000| Untracked |  0
| 958|0x00000007cfc00000, 0x00000007cfc00000, 0x00000007cfe00000|  0%| F|  |TAMS 0x00000007cfc00000| PB 0x00000007cfc00000| Untracked |  0
| 959|0x00000007cfe00000, 0x00000007cfe00000, 0x00000007d0000000|  0%| F|  |TAMS 0x00000007cfe00000| PB 0x00000007cfe00000| Untracked |  0
| 960|0x00000007d0000000, 0x00000007d0000000, 0x00000007d0200000|  0%| F|  |TAMS 0x00000007d0000000| PB 0x00000007d0000000| Untracked |  0
| 961|0x00000007d0200000, 0x00000007d0200000, 0x00000007d0400000|  0%| F|  |TAMS 0x00000007d0200000| PB 0x00000007d0200000| Untracked |  0
| 962|0x00000007d0400000, 0x00000007d0400000, 0x00000007d0600000|  0%| F|  |TAMS 0x00000007d0400000| PB 0x00000007d0400000| Untracked |  0
| 963|0x00000007d0600000, 0x00000007d0600000, 0x00000007d0800000|  0%| F|  |TAMS 0x00000007d0600000| PB 0x00000007d0600000| Untracked |  0
| 964|0x00000007d0800000, 0x00000007d0800000, 0x00000007d0a00000|  0%| F|  |TAMS 0x00000007d0800000| PB 0x00000007d0800000| Untracked |  0
| 965|0x00000007d0a00000, 0x00000007d0a00000, 0x00000007d0c00000|  0%| F|  |TAMS 0x00000007d0a00000| PB 0x00000007d0a00000| Untracked |  0
| 966|0x00000007d0c00000, 0x00000007d0c00000, 0x00000007d0e00000|  0%| F|  |TAMS 0x00000007d0c00000| PB 0x00000007d0c00000| Untracked |  0
| 967|0x00000007d0e00000, 0x00000007d0e00000, 0x00000007d1000000|  0%| F|  |TAMS 0x00000007d0e00000| PB 0x00000007d0e00000| Untracked |  0
| 968|0x00000007d1000000, 0x00000007d1000000, 0x00000007d1200000|  0%| F|  |TAMS 0x00000007d1000000| PB 0x00000007d1000000| Untracked |  0
| 969|0x00000007d1200000, 0x00000007d1200000, 0x00000007d1400000|  0%| F|  |TAMS 0x00000007d1200000| PB 0x00000007d1200000| Untracked |  0
| 970|0x00000007d1400000, 0x00000007d1400000, 0x00000007d1600000|  0%| F|  |TAMS 0x00000007d1400000| PB 0x00000007d1400000| Untracked |  0
| 971|0x00000007d1600000, 0x00000007d1600000, 0x00000007d1800000|  0%| F|  |TAMS 0x00000007d1600000| PB 0x00000007d1600000| Untracked |  0
| 972|0x00000007d1800000, 0x00000007d1800000, 0x00000007d1a00000|  0%| F|  |TAMS 0x00000007d1800000| PB 0x00000007d1800000| Untracked |  0
| 973|0x00000007d1a00000, 0x00000007d1a00000, 0x00000007d1c00000|  0%| F|  |TAMS 0x00000007d1a00000| PB 0x00000007d1a00000| Untracked |  0
| 974|0x00000007d1c00000, 0x00000007d1c00000, 0x00000007d1e00000|  0%| F|  |TAMS 0x00000007d1c00000| PB 0x00000007d1c00000| Untracked |  0
| 975|0x00000007d1e00000, 0x00000007d1e00000, 0x00000007d2000000|  0%| F|  |TAMS 0x00000007d1e00000| PB 0x00000007d1e00000| Untracked |  0
| 976|0x00000007d2000000, 0x00000007d2000000, 0x00000007d2200000|  0%| F|  |TAMS 0x00000007d2000000| PB 0x00000007d2000000| Untracked |  0
| 977|0x00000007d2200000, 0x00000007d2200000, 0x00000007d2400000|  0%| F|  |TAMS 0x00000007d2200000| PB 0x00000007d2200000| Untracked |  0
| 978|0x00000007d2400000, 0x00000007d2400000, 0x00000007d2600000|  0%| F|  |TAMS 0x00000007d2400000| PB 0x00000007d2400000| Untracked |  0
| 979|0x00000007d2600000, 0x00000007d2600000, 0x00000007d2800000|  0%| F|  |TAMS 0x00000007d2600000| PB 0x00000007d2600000| Untracked |  0
| 980|0x00000007d2800000, 0x00000007d2800000, 0x00000007d2a00000|  0%| F|  |TAMS 0x00000007d2800000| PB 0x00000007d2800000| Untracked |  0
| 981|0x00000007d2a00000, 0x00000007d2a00000, 0x00000007d2c00000|  0%| F|  |TAMS 0x00000007d2a00000| PB 0x00000007d2a00000| Untracked |  0
| 982|0x00000007d2c00000, 0x00000007d2c00000, 0x00000007d2e00000|  0%| F|  |TAMS 0x00000007d2c00000| PB 0x00000007d2c00000| Untracked |  0
| 983|0x00000007d2e00000, 0x00000007d2e00000, 0x00000007d3000000|  0%| F|  |TAMS 0x00000007d2e00000| PB 0x00000007d2e00000| Untracked |  0
| 984|0x00000007d3000000, 0x00000007d3000000, 0x00000007d3200000|  0%| F|  |TAMS 0x00000007d3000000| PB 0x00000007d3000000| Untracked |  0
| 985|0x00000007d3200000, 0x00000007d3200000, 0x00000007d3400000|  0%| F|  |TAMS 0x00000007d3200000| PB 0x00000007d3200000| Untracked |  0
| 986|0x00000007d3400000, 0x00000007d3400000, 0x00000007d3600000|  0%| F|  |TAMS 0x00000007d3400000| PB 0x00000007d3400000| Untracked |  0
| 987|0x00000007d3600000, 0x00000007d3600000, 0x00000007d3800000|  0%| F|  |TAMS 0x00000007d3600000| PB 0x00000007d3600000| Untracked |  0
| 988|0x00000007d3800000, 0x00000007d3800000, 0x00000007d3a00000|  0%| F|  |TAMS 0x00000007d3800000| PB 0x00000007d3800000| Untracked |  0
| 989|0x00000007d3a00000, 0x00000007d3a00000, 0x00000007d3c00000|  0%| F|  |TAMS 0x00000007d3a00000| PB 0x00000007d3a00000| Untracked |  0
| 990|0x00000007d3c00000, 0x00000007d3c00000, 0x00000007d3e00000|  0%| F|  |TAMS 0x00000007d3c00000| PB 0x00000007d3c00000| Untracked |  0
| 991|0x00000007d3e00000, 0x00000007d3e00000, 0x00000007d4000000|  0%| F|  |TAMS 0x00000007d3e00000| PB 0x00000007d3e00000| Untracked |  0
| 992|0x00000007d4000000, 0x00000007d4000000, 0x00000007d4200000|  0%| F|  |TAMS 0x00000007d4000000| PB 0x00000007d4000000| Untracked |  0
| 993|0x00000007d4200000, 0x00000007d4200000, 0x00000007d4400000|  0%| F|  |TAMS 0x00000007d4200000| PB 0x00000007d4200000| Untracked |  0
| 994|0x00000007d4400000, 0x00000007d4400000, 0x00000007d4600000|  0%| F|  |TAMS 0x00000007d4400000| PB 0x00000007d4400000| Untracked |  0
| 995|0x00000007d4600000, 0x00000007d4600000, 0x00000007d4800000|  0%| F|  |TAMS 0x00000007d4600000| PB 0x00000007d4600000| Untracked |  0
| 996|0x00000007d4800000, 0x00000007d4800000, 0x00000007d4a00000|  0%| F|  |TAMS 0x00000007d4800000| PB 0x00000007d4800000| Untracked |  0
| 997|0x00000007d4a00000, 0x00000007d4a00000, 0x00000007d4c00000|  0%| F|  |TAMS 0x00000007d4a00000| PB 0x00000007d4a00000| Untracked |  0
| 998|0x00000007d4c00000, 0x00000007d4c00000, 0x00000007d4e00000|  0%| F|  |TAMS 0x00000007d4c00000| PB 0x00000007d4c00000| Untracked |  0
| 999|0x00000007d4e00000, 0x00000007d4e00000, 0x00000007d5000000|  0%| F|  |TAMS 0x00000007d4e00000| PB 0x00000007d4e00000| Untracked |  0
|1000|0x00000007d5000000, 0x00000007d5000000, 0x00000007d5200000|  0%| F|  |TAMS 0x00000007d5000000| PB 0x00000007d5000000| Untracked |  0
|1001|0x00000007d5200000, 0x00000007d5200000, 0x00000007d5400000|  0%| F|  |TAMS 0x00000007d5200000| PB 0x00000007d5200000| Untracked |  0
|1002|0x00000007d5400000, 0x00000007d5400000, 0x00000007d5600000|  0%| F|  |TAMS 0x00000007d5400000| PB 0x00000007d5400000| Untracked |  0
|1003|0x00000007d5600000, 0x00000007d5600000, 0x00000007d5800000|  0%| F|  |TAMS 0x00000007d5600000| PB 0x00000007d5600000| Untracked |  0
|1004|0x00000007d5800000, 0x00000007d5800000, 0x00000007d5a00000|  0%| F|  |TAMS 0x00000007d5800000| PB 0x00000007d5800000| Untracked |  0
|1005|0x00000007d5a00000, 0x00000007d5a00000, 0x00000007d5c00000|  0%| F|  |TAMS 0x00000007d5a00000| PB 0x00000007d5a00000| Untracked |  0
|1006|0x00000007d5c00000, 0x00000007d5c00000, 0x00000007d5e00000|  0%| F|  |TAMS 0x00000007d5c00000| PB 0x00000007d5c00000| Untracked |  0
|1007|0x00000007d5e00000, 0x00000007d5e00000, 0x00000007d6000000|  0%| F|  |TAMS 0x00000007d5e00000| PB 0x00000007d5e00000| Untracked |  0
|1008|0x00000007d6000000, 0x00000007d6000000, 0x00000007d6200000|  0%| F|  |TAMS 0x00000007d6000000| PB 0x00000007d6000000| Untracked |  0
|1009|0x00000007d6200000, 0x00000007d6200000, 0x00000007d6400000|  0%| F|  |TAMS 0x00000007d6200000| PB 0x00000007d6200000| Untracked |  0
|1010|0x00000007d6400000, 0x00000007d6400000, 0x00000007d6600000|  0%| F|  |TAMS 0x00000007d6400000| PB 0x00000007d6400000| Untracked |  0
|1011|0x00000007d6600000, 0x00000007d6600000, 0x00000007d6800000|  0%| F|  |TAMS 0x00000007d6600000| PB 0x00000007d6600000| Untracked |  0
|1012|0x00000007d6800000, 0x00000007d6800000, 0x00000007d6a00000|  0%| F|  |TAMS 0x00000007d6800000| PB 0x00000007d6800000| Untracked |  0
|1013|0x00000007d6a00000, 0x00000007d6a00000, 0x00000007d6c00000|  0%| F|  |TAMS 0x00000007d6a00000| PB 0x00000007d6a00000| Untracked |  0
|1014|0x00000007d6c00000, 0x00000007d6c00000, 0x00000007d6e00000|  0%| F|  |TAMS 0x00000007d6c00000| PB 0x00000007d6c00000| Untracked |  0
|1015|0x00000007d6e00000, 0x00000007d6e00000, 0x00000007d7000000|  0%| F|  |TAMS 0x00000007d6e00000| PB 0x00000007d6e00000| Untracked |  0
|1016|0x00000007d7000000, 0x00000007d7000000, 0x00000007d7200000|  0%| F|  |TAMS 0x00000007d7000000| PB 0x00000007d7000000| Untracked |  0
|1017|0x00000007d7200000, 0x00000007d7200000, 0x00000007d7400000|  0%| F|  |TAMS 0x00000007d7200000| PB 0x00000007d7200000| Untracked |  0
|1018|0x00000007d7400000, 0x00000007d7400000, 0x00000007d7600000|  0%| F|  |TAMS 0x00000007d7400000| PB 0x00000007d7400000| Untracked |  0
|1019|0x00000007d7600000, 0x00000007d7600000, 0x00000007d7800000|  0%| F|  |TAMS 0x00000007d7600000| PB 0x00000007d7600000| Untracked |  0
|1020|0x00000007d7800000, 0x00000007d7800000, 0x00000007d7a00000|  0%| F|  |TAMS 0x00000007d7800000| PB 0x00000007d7800000| Untracked |  0
|1021|0x00000007d7a00000, 0x00000007d7a00000, 0x00000007d7c00000|  0%| F|  |TAMS 0x00000007d7a00000| PB 0x00000007d7a00000| Untracked |  0
|1022|0x00000007d7c00000, 0x00000007d7c00000, 0x00000007d7e00000|  0%| F|  |TAMS 0x00000007d7c00000| PB 0x00000007d7c00000| Untracked |  0
|1023|0x00000007d7e00000, 0x00000007d7e00000, 0x00000007d8000000|  0%| F|  |TAMS 0x00000007d7e00000| PB 0x00000007d7e00000| Untracked |  0
|1024|0x00000007d8000000, 0x00000007d8000000, 0x00000007d8200000|  0%| F|  |TAMS 0x00000007d8000000| PB 0x00000007d8000000| Untracked |  0
|1025|0x00000007d8200000, 0x00000007d8200000, 0x00000007d8400000|  0%| F|  |TAMS 0x00000007d8200000| PB 0x00000007d8200000| Untracked |  0
|1026|0x00000007d8400000, 0x00000007d8400000, 0x00000007d8600000|  0%| F|  |TAMS 0x00000007d8400000| PB 0x00000007d8400000| Untracked |  0
|1027|0x00000007d8600000, 0x00000007d8600000, 0x00000007d8800000|  0%| F|  |TAMS 0x00000007d8600000| PB 0x00000007d8600000| Untracked |  0
|1028|0x00000007d8800000, 0x00000007d8800000, 0x00000007d8a00000|  0%| F|  |TAMS 0x00000007d8800000| PB 0x00000007d8800000| Untracked |  0
|1029|0x00000007d8a00000, 0x00000007d8a00000, 0x00000007d8c00000|  0%| F|  |TAMS 0x00000007d8a00000| PB 0x00000007d8a00000| Untracked |  0
|1030|0x00000007d8c00000, 0x00000007d8c00000, 0x00000007d8e00000|  0%| F|  |TAMS 0x00000007d8c00000| PB 0x00000007d8c00000| Untracked |  0
|1031|0x00000007d8e00000, 0x00000007d8e00000, 0x00000007d9000000|  0%| F|  |TAMS 0x00000007d8e00000| PB 0x00000007d8e00000| Untracked |  0
|1032|0x00000007d9000000, 0x00000007d9000000, 0x00000007d9200000|  0%| F|  |TAMS 0x00000007d9000000| PB 0x00000007d9000000| Untracked |  0
|1033|0x00000007d9200000, 0x00000007d9200000, 0x00000007d9400000|  0%| F|  |TAMS 0x00000007d9200000| PB 0x00000007d9200000| Untracked |  0
|1034|0x00000007d9400000, 0x00000007d9400000, 0x00000007d9600000|  0%| F|  |TAMS 0x00000007d9400000| PB 0x00000007d9400000| Untracked |  0
|1035|0x00000007d9600000, 0x00000007d9600000, 0x00000007d9800000|  0%| F|  |TAMS 0x00000007d9600000| PB 0x00000007d9600000| Untracked |  0
|1036|0x00000007d9800000, 0x00000007d9800000, 0x00000007d9a00000|  0%| F|  |TAMS 0x00000007d9800000| PB 0x00000007d9800000| Untracked |  0
|1037|0x00000007d9a00000, 0x00000007d9a00000, 0x00000007d9c00000|  0%| F|  |TAMS 0x00000007d9a00000| PB 0x00000007d9a00000| Untracked |  0
|1038|0x00000007d9c00000, 0x00000007d9c00000, 0x00000007d9e00000|  0%| F|  |TAMS 0x00000007d9c00000| PB 0x00000007d9c00000| Untracked |  0
|1039|0x00000007d9e00000, 0x00000007d9e00000, 0x00000007da000000|  0%| F|  |TAMS 0x00000007d9e00000| PB 0x00000007d9e00000| Untracked |  0
|1040|0x00000007da000000, 0x00000007da000000, 0x00000007da200000|  0%| F|  |TAMS 0x00000007da000000| PB 0x00000007da000000| Untracked |  0
|1041|0x00000007da200000, 0x00000007da200000, 0x00000007da400000|  0%| F|  |TAMS 0x00000007da200000| PB 0x00000007da200000| Untracked |  0
|1042|0x00000007da400000, 0x00000007da400000, 0x00000007da600000|  0%| F|  |TAMS 0x00000007da400000| PB 0x00000007da400000| Untracked |  0
|1043|0x00000007da600000, 0x00000007da600000, 0x00000007da800000|  0%| F|  |TAMS 0x00000007da600000| PB 0x00000007da600000| Untracked |  0
|1044|0x00000007da800000, 0x00000007da800000, 0x00000007daa00000|  0%| F|  |TAMS 0x00000007da800000| PB 0x00000007da800000| Untracked |  0
|1045|0x00000007daa00000, 0x00000007daa00000, 0x00000007dac00000|  0%| F|  |TAMS 0x00000007daa00000| PB 0x00000007daa00000| Untracked |  0
|1046|0x00000007dac00000, 0x00000007dac00000, 0x00000007dae00000|  0%| F|  |TAMS 0x00000007dac00000| PB 0x00000007dac00000| Untracked |  0
|1047|0x00000007dae00000, 0x00000007dae00000, 0x00000007db000000|  0%| F|  |TAMS 0x00000007dae00000| PB 0x00000007dae00000| Untracked |  0
|1048|0x00000007db000000, 0x00000007db000000, 0x00000007db200000|  0%| F|  |TAMS 0x00000007db000000| PB 0x00000007db000000| Untracked |  0
|1049|0x00000007db200000, 0x00000007db200000, 0x00000007db400000|  0%| F|  |TAMS 0x00000007db200000| PB 0x00000007db200000| Untracked |  0
|1050|0x00000007db400000, 0x00000007db400000, 0x00000007db600000|  0%| F|  |TAMS 0x00000007db400000| PB 0x00000007db400000| Untracked |  0
|1051|0x00000007db600000, 0x00000007db600000, 0x00000007db800000|  0%| F|  |TAMS 0x00000007db600000| PB 0x00000007db600000| Untracked |  0
|1052|0x00000007db800000, 0x00000007db800000, 0x00000007dba00000|  0%| F|  |TAMS 0x00000007db800000| PB 0x00000007db800000| Untracked |  0
|1053|0x00000007dba00000, 0x00000007dba00000, 0x00000007dbc00000|  0%| F|  |TAMS 0x00000007dba00000| PB 0x00000007dba00000| Untracked |  0
|1054|0x00000007dbc00000, 0x00000007dbc00000, 0x00000007dbe00000|  0%| F|  |TAMS 0x00000007dbc00000| PB 0x00000007dbc00000| Untracked |  0
|1055|0x00000007dbe00000, 0x00000007dbe00000, 0x00000007dc000000|  0%| F|  |TAMS 0x00000007dbe00000| PB 0x00000007dbe00000| Untracked |  0
|1056|0x00000007dc000000, 0x00000007dc000000, 0x00000007dc200000|  0%| F|  |TAMS 0x00000007dc000000| PB 0x00000007dc000000| Untracked |  0
|1057|0x00000007dc200000, 0x00000007dc200000, 0x00000007dc400000|  0%| F|  |TAMS 0x00000007dc200000| PB 0x00000007dc200000| Untracked |  0
|1058|0x00000007dc400000, 0x00000007dc400000, 0x00000007dc600000|  0%| F|  |TAMS 0x00000007dc400000| PB 0x00000007dc400000| Untracked |  0
|1059|0x00000007dc600000, 0x00000007dc600000, 0x00000007dc800000|  0%| F|  |TAMS 0x00000007dc600000| PB 0x00000007dc600000| Untracked |  0
|1060|0x00000007dc800000, 0x00000007dc800000, 0x00000007dca00000|  0%| F|  |TAMS 0x00000007dc800000| PB 0x00000007dc800000| Untracked |  0
|1061|0x00000007dca00000, 0x00000007dca00000, 0x00000007dcc00000|  0%| F|  |TAMS 0x00000007dca00000| PB 0x00000007dca00000| Untracked |  0
|1062|0x00000007dcc00000, 0x00000007dcc00000, 0x00000007dce00000|  0%| F|  |TAMS 0x00000007dcc00000| PB 0x00000007dcc00000| Untracked |  0
|1063|0x00000007dce00000, 0x00000007dce00000, 0x00000007dd000000|  0%| F|  |TAMS 0x00000007dce00000| PB 0x00000007dce00000| Untracked |  0
|1064|0x00000007dd000000, 0x00000007dd000000, 0x00000007dd200000|  0%| F|  |TAMS 0x00000007dd000000| PB 0x00000007dd000000| Untracked |  0
|1065|0x00000007dd200000, 0x00000007dd200000, 0x00000007dd400000|  0%| F|  |TAMS 0x00000007dd200000| PB 0x00000007dd200000| Untracked |  0
|1066|0x00000007dd400000, 0x00000007dd400000, 0x00000007dd600000|  0%| F|  |TAMS 0x00000007dd400000| PB 0x00000007dd400000| Untracked |  0
|1067|0x00000007dd600000, 0x00000007dd600000, 0x00000007dd800000|  0%| F|  |TAMS 0x00000007dd600000| PB 0x00000007dd600000| Untracked |  0
|1068|0x00000007dd800000, 0x00000007dd800000, 0x00000007dda00000|  0%| F|  |TAMS 0x00000007dd800000| PB 0x00000007dd800000| Untracked |  0
|1069|0x00000007dda00000, 0x00000007dda00000, 0x00000007ddc00000|  0%| F|  |TAMS 0x00000007dda00000| PB 0x00000007dda00000| Untracked |  0
|1070|0x00000007ddc00000, 0x00000007ddc00000, 0x00000007dde00000|  0%| F|  |TAMS 0x00000007ddc00000| PB 0x00000007ddc00000| Untracked |  0
|1071|0x00000007dde00000, 0x00000007dde00000, 0x00000007de000000|  0%| F|  |TAMS 0x00000007dde00000| PB 0x00000007dde00000| Untracked |  0
|1072|0x00000007de000000, 0x00000007de000000, 0x00000007de200000|  0%| F|  |TAMS 0x00000007de000000| PB 0x00000007de000000| Untracked |  0
|1073|0x00000007de200000, 0x00000007de200000, 0x00000007de400000|  0%| F|  |TAMS 0x00000007de200000| PB 0x00000007de200000| Untracked |  0
|1074|0x00000007de400000, 0x00000007de400000, 0x00000007de600000|  0%| F|  |TAMS 0x00000007de400000| PB 0x00000007de400000| Untracked |  0
|1075|0x00000007de600000, 0x00000007de600000, 0x00000007de800000|  0%| F|  |TAMS 0x00000007de600000| PB 0x00000007de600000| Untracked |  0
|1076|0x00000007de800000, 0x00000007de800000, 0x00000007dea00000|  0%| F|  |TAMS 0x00000007de800000| PB 0x00000007de800000| Untracked |  0
|1077|0x00000007dea00000, 0x00000007dea00000, 0x00000007dec00000|  0%| F|  |TAMS 0x00000007dea00000| PB 0x00000007dea00000| Untracked |  0
|1078|0x00000007dec00000, 0x00000007dec00000, 0x00000007dee00000|  0%| F|  |TAMS 0x00000007dec00000| PB 0x00000007dec00000| Untracked |  0
|1079|0x00000007dee00000, 0x00000007dee00000, 0x00000007df000000|  0%| F|  |TAMS 0x00000007dee00000| PB 0x00000007dee00000| Untracked |  0
|1080|0x00000007df000000, 0x00000007df000000, 0x00000007df200000|  0%| F|  |TAMS 0x00000007df000000| PB 0x00000007df000000| Untracked |  0
|1081|0x00000007df200000, 0x00000007df200000, 0x00000007df400000|  0%| F|  |TAMS 0x00000007df200000| PB 0x00000007df200000| Untracked |  0
|1082|0x00000007df400000, 0x00000007df600000, 0x00000007df600000|100%| S|CS|TAMS 0x00000007df400000| PB 0x00000007df400000| Complete |  0
|1083|0x00000007df600000, 0x00000007df800000, 0x00000007df800000|100%| S|CS|TAMS 0x00000007df600000| PB 0x00000007df600000| Complete |  0
|1084|0x00000007df800000, 0x00000007dfa00000, 0x00000007dfa00000|100%| S|CS|TAMS 0x00000007df800000| PB 0x00000007df800000| Complete |  0
|1085|0x00000007dfa00000, 0x00000007dfc00000, 0x00000007dfc00000|100%| S|CS|TAMS 0x00000007dfa00000| PB 0x00000007dfa00000| Complete |  0
|1086|0x00000007dfc00000, 0x00000007dfc00000, 0x00000007dfe00000|  0%| F|  |TAMS 0x00000007dfc00000| PB 0x00000007dfc00000| Untracked |  0
|1087|0x00000007dfe00000, 0x00000007dfe00000, 0x00000007e0000000|  0%| F|  |TAMS 0x00000007dfe00000| PB 0x00000007dfe00000| Untracked |  0
|1088|0x00000007e0000000, 0x00000007e0000000, 0x00000007e0200000|  0%| F|  |TAMS 0x00000007e0000000| PB 0x00000007e0000000| Untracked |  0
|1089|0x00000007e0200000, 0x00000007e0200000, 0x00000007e0400000|  0%| F|  |TAMS 0x00000007e0200000| PB 0x00000007e0200000| Untracked |  0
|1090|0x00000007e0400000, 0x00000007e0400000, 0x00000007e0600000|  0%| F|  |TAMS 0x00000007e0400000| PB 0x00000007e0400000| Untracked |  0
|1091|0x00000007e0600000, 0x00000007e0600000, 0x00000007e0800000|  0%| F|  |TAMS 0x00000007e0600000| PB 0x00000007e0600000| Untracked |  0
|1092|0x00000007e0800000, 0x00000007e0a00000, 0x00000007e0a00000|100%| S|CS|TAMS 0x00000007e0800000| PB 0x00000007e0800000| Complete |  0
|1093|0x00000007e0a00000, 0x00000007e0c00000, 0x00000007e0c00000|100%| S|CS|TAMS 0x00000007e0a00000| PB 0x00000007e0a00000| Complete |  0
|1094|0x00000007e0c00000, 0x00000007e0e00000, 0x00000007e0e00000|100%| S|CS|TAMS 0x00000007e0c00000| PB 0x00000007e0c00000| Complete |  0
|1095|0x00000007e0e00000, 0x00000007e1000000, 0x00000007e1000000|100%| S|CS|TAMS 0x00000007e0e00000| PB 0x00000007e0e00000| Complete |  0
|1096|0x00000007e1000000, 0x00000007e1000000, 0x00000007e1200000|  0%| F|  |TAMS 0x00000007e1000000| PB 0x00000007e1000000| Untracked |  0
|1097|0x00000007e1200000, 0x00000007e1200000, 0x00000007e1400000|  0%| F|  |TAMS 0x00000007e1200000| PB 0x00000007e1200000| Untracked |  0
|1098|0x00000007e1400000, 0x00000007e1400000, 0x00000007e1600000|  0%| F|  |TAMS 0x00000007e1400000| PB 0x00000007e1400000| Untracked |  0
|1099|0x00000007e1600000, 0x00000007e1600000, 0x00000007e1800000|  0%| F|  |TAMS 0x00000007e1600000| PB 0x00000007e1600000| Untracked |  0
|1100|0x00000007e1800000, 0x00000007e1800000, 0x00000007e1a00000|  0%| F|  |TAMS 0x00000007e1800000| PB 0x00000007e1800000| Untracked |  0
|1101|0x00000007e1a00000, 0x00000007e1a00000, 0x00000007e1c00000|  0%| F|  |TAMS 0x00000007e1a00000| PB 0x00000007e1a00000| Untracked |  0
|1102|0x00000007e1c00000, 0x00000007e1c00000, 0x00000007e1e00000|  0%| F|  |TAMS 0x00000007e1c00000| PB 0x00000007e1c00000| Untracked |  0
|1103|0x00000007e1e00000, 0x00000007e1e00000, 0x00000007e2000000|  0%| F|  |TAMS 0x00000007e1e00000| PB 0x00000007e1e00000| Untracked |  0
|1104|0x00000007e2000000, 0x00000007e2000000, 0x00000007e2200000|  0%| F|  |TAMS 0x00000007e2000000| PB 0x00000007e2000000| Untracked |  0
|1105|0x00000007e2200000, 0x00000007e2200000, 0x00000007e2400000|  0%| F|  |TAMS 0x00000007e2200000| PB 0x00000007e2200000| Untracked |  0
|1106|0x00000007e2400000, 0x00000007e2400000, 0x00000007e2600000|  0%| F|  |TAMS 0x00000007e2400000| PB 0x00000007e2400000| Untracked |  0
|1107|0x00000007e2600000, 0x00000007e2600000, 0x00000007e2800000|  0%| F|  |TAMS 0x00000007e2600000| PB 0x00000007e2600000| Untracked |  0
|1108|0x00000007e2800000, 0x00000007e2800000, 0x00000007e2a00000|  0%| F|  |TAMS 0x00000007e2800000| PB 0x00000007e2800000| Untracked |  0
|1109|0x00000007e2a00000, 0x00000007e2a00000, 0x00000007e2c00000|  0%| F|  |TAMS 0x00000007e2a00000| PB 0x00000007e2a00000| Untracked |  0
|1110|0x00000007e2c00000, 0x00000007e2c00000, 0x00000007e2e00000|  0%| F|  |TAMS 0x00000007e2c00000| PB 0x00000007e2c00000| Untracked |  0
|1111|0x00000007e2e00000, 0x00000007e2e00000, 0x00000007e3000000|  0%| F|  |TAMS 0x00000007e2e00000| PB 0x00000007e2e00000| Untracked |  0
|1112|0x00000007e3000000, 0x00000007e3000000, 0x00000007e3200000|  0%| F|  |TAMS 0x00000007e3000000| PB 0x00000007e3000000| Untracked |  0
|1113|0x00000007e3200000, 0x00000007e3200000, 0x00000007e3400000|  0%| F|  |TAMS 0x00000007e3200000| PB 0x00000007e3200000| Untracked |  0
|1114|0x00000007e3400000, 0x00000007e3400000, 0x00000007e3600000|  0%| F|  |TAMS 0x00000007e3400000| PB 0x00000007e3400000| Untracked |  0
|1115|0x00000007e3600000, 0x00000007e3600000, 0x00000007e3800000|  0%| F|  |TAMS 0x00000007e3600000| PB 0x00000007e3600000| Untracked |  0
|1116|0x00000007e3800000, 0x00000007e3800000, 0x00000007e3a00000|  0%| F|  |TAMS 0x00000007e3800000| PB 0x00000007e3800000| Untracked |  0
|1117|0x00000007e3a00000, 0x00000007e3a00000, 0x00000007e3c00000|  0%| F|  |TAMS 0x00000007e3a00000| PB 0x00000007e3a00000| Untracked |  0
|1118|0x00000007e3c00000, 0x00000007e3c00000, 0x00000007e3e00000|  0%| F|  |TAMS 0x00000007e3c00000| PB 0x00000007e3c00000| Untracked |  0
|1119|0x00000007e3e00000, 0x00000007e3e00000, 0x00000007e4000000|  0%| F|  |TAMS 0x00000007e3e00000| PB 0x00000007e3e00000| Untracked |  0
|1120|0x00000007e4000000, 0x00000007e4000000, 0x00000007e4200000|  0%| F|  |TAMS 0x00000007e4000000| PB 0x00000007e4000000| Untracked |  0
|1121|0x00000007e4200000, 0x00000007e4200000, 0x00000007e4400000|  0%| F|  |TAMS 0x00000007e4200000| PB 0x00000007e4200000| Untracked |  0
|1122|0x00000007e4400000, 0x00000007e4400000, 0x00000007e4600000|  0%| F|  |TAMS 0x00000007e4400000| PB 0x00000007e4400000| Untracked |  0
|1123|0x00000007e4600000, 0x00000007e4600000, 0x00000007e4800000|  0%| F|  |TAMS 0x00000007e4600000| PB 0x00000007e4600000| Untracked |  0
|1124|0x00000007e4800000, 0x00000007e4800000, 0x00000007e4a00000|  0%| F|  |TAMS 0x00000007e4800000| PB 0x00000007e4800000| Untracked |  0
|1125|0x00000007e4a00000, 0x00000007e4a00000, 0x00000007e4c00000|  0%| F|  |TAMS 0x00000007e4a00000| PB 0x00000007e4a00000| Untracked |  0
|1126|0x00000007e4c00000, 0x00000007e4c00000, 0x00000007e4e00000|  0%| F|  |TAMS 0x00000007e4c00000| PB 0x00000007e4c00000| Untracked |  0
|1127|0x00000007e4e00000, 0x00000007e4e00000, 0x00000007e5000000|  0%| F|  |TAMS 0x00000007e4e00000| PB 0x00000007e4e00000| Untracked |  0
|1128|0x00000007e5000000, 0x00000007e5000000, 0x00000007e5200000|  0%| F|  |TAMS 0x00000007e5000000| PB 0x00000007e5000000| Untracked |  0
|1129|0x00000007e5200000, 0x00000007e5200000, 0x00000007e5400000|  0%| F|  |TAMS 0x00000007e5200000| PB 0x00000007e5200000| Untracked |  0
|1130|0x00000007e5400000, 0x00000007e5400000, 0x00000007e5600000|  0%| F|  |TAMS 0x00000007e5400000| PB 0x00000007e5400000| Untracked |  0
|1131|0x00000007e5600000, 0x00000007e5600000, 0x00000007e5800000|  0%| F|  |TAMS 0x00000007e5600000| PB 0x00000007e5600000| Untracked |  0
|1132|0x00000007e5800000, 0x00000007e5800000, 0x00000007e5a00000|  0%| F|  |TAMS 0x00000007e5800000| PB 0x00000007e5800000| Untracked |  0
|1133|0x00000007e5a00000, 0x00000007e5a00000, 0x00000007e5c00000|  0%| F|  |TAMS 0x00000007e5a00000| PB 0x00000007e5a00000| Untracked |  0
|1134|0x00000007e5c00000, 0x00000007e5c00000, 0x00000007e5e00000|  0%| F|  |TAMS 0x00000007e5c00000| PB 0x00000007e5c00000| Untracked |  0
|1135|0x00000007e5e00000, 0x00000007e5e00000, 0x00000007e6000000|  0%| F|  |TAMS 0x00000007e5e00000| PB 0x00000007e5e00000| Untracked |  0
|1136|0x00000007e6000000, 0x00000007e6000000, 0x00000007e6200000|  0%| F|  |TAMS 0x00000007e6000000| PB 0x00000007e6000000| Untracked |  0
|1137|0x00000007e6200000, 0x00000007e6200000, 0x00000007e6400000|  0%| F|  |TAMS 0x00000007e6200000| PB 0x00000007e6200000| Untracked |  0
|1138|0x00000007e6400000, 0x00000007e6400000, 0x00000007e6600000|  0%| F|  |TAMS 0x00000007e6400000| PB 0x00000007e6400000| Untracked |  0
|1139|0x00000007e6600000, 0x00000007e6600000, 0x00000007e6800000|  0%| F|  |TAMS 0x00000007e6600000| PB 0x00000007e6600000| Untracked |  0
|1140|0x00000007e6800000, 0x00000007e6800000, 0x00000007e6a00000|  0%| F|  |TAMS 0x00000007e6800000| PB 0x00000007e6800000| Untracked |  0
|1141|0x00000007e6a00000, 0x00000007e6a00000, 0x00000007e6c00000|  0%| F|  |TAMS 0x00000007e6a00000| PB 0x00000007e6a00000| Untracked |  0
|1142|0x00000007e6c00000, 0x00000007e6c00000, 0x00000007e6e00000|  0%| F|  |TAMS 0x00000007e6c00000| PB 0x00000007e6c00000| Untracked |  0
|1143|0x00000007e6e00000, 0x00000007e6e00000, 0x00000007e7000000|  0%| F|  |TAMS 0x00000007e6e00000| PB 0x00000007e6e00000| Untracked |  0
|1144|0x00000007e7000000, 0x00000007e7000000, 0x00000007e7200000|  0%| F|  |TAMS 0x00000007e7000000| PB 0x00000007e7000000| Untracked |  0
|1338|0x00000007ff400000, 0x00000007ff600000, 0x00000007ff600000|100%| O|  |TAMS 0x00000007ff400000| PB 0x00000007ff400000| Untracked |  0
|1339|0x00000007ff600000, 0x00000007ff800000, 0x00000007ff800000|100%| O|  |TAMS 0x00000007ff600000| PB 0x00000007ff600000| Untracked |  0
|1340|0x00000007ff800000, 0x00000007ffa00000, 0x00000007ffa00000|100%| O|  |TAMS 0x00000007ff800000| PB 0x00000007ff800000| Untracked |  0
|1341|0x00000007ffa00000, 0x00000007ffc00000, 0x00000007ffc00000|100%| O|  |TAMS 0x00000007ffa00000| PB 0x00000007ffa00000| Untracked |  0
|1342|0x00000007ffc00000, 0x00000007ffe00000, 0x00000007ffe00000|100%| O|  |TAMS 0x00000007ffc00000| PB 0x00000007ffc00000| Untracked |  0
|1343|0x00000007ffe00000, 0x0000000800000000, 0x0000000800000000|100%| O|  |TAMS 0x00000007ffe00000| PB 0x00000007ffe00000| Untracked |  0

Card table byte_map: [0x000001c55afe0000,0x000001c55b520000] _byte_map_base: 0x000001c557520000

Marking Bits: (CMBitMap*) 0x000001c54a2eafa0
 Bits: [0x000001c55b520000, 0x000001c55df20000)

Polling page: 0x000001c548070000

Metaspace:

Usage:
  Non-class:     52.05 MB used.
      Class:      5.74 MB used.
       Both:     57.80 MB used.

Virtual space:
  Non-class space:       64.00 MB reserved,      52.31 MB ( 82%) committed,  1 nodes.
      Class space:        1.00 GB reserved,       5.94 MB ( <1%) committed,  1 nodes.
             Both:        1.06 GB reserved,      58.25 MB (  5%) committed. 

Chunk freelists:
   Non-Class:  11.64 MB
       Class:  10.07 MB
        Both:  21.71 MB

MaxMetaspaceSize: unlimited
CompressedClassSpaceSize: 1.00 GB
Initial GC threshold: 21.00 MB
Current GC threshold: 96.25 MB
CDS: off
 - commit_granule_bytes: 65536.
 - commit_granule_words: 8192.
 - virtual_space_node_default_size: 8388608.
 - enlarge_chunks_in_place: 1.
UseCompressedClassPointers 1, UseCompactObjectHeaders 0
Narrow klass pointer bits 32, Max shift 3
Narrow klass base: 0x0000000000000000, Narrow klass shift: 0
Encoding Range: [0x0000000000000000 - 0x0000000100000000), (4294967296 bytes)
Klass Range:    [0x000000003c000000 - 0x000000007c000000), (1073741824 bytes)
Klass ID Range:  [1006632960 - 2080374777) (1073741817)


Internal statistics:

num_allocs_failed_limit: 6.
num_arena_births: 572.
num_arena_deaths: 0.
num_vsnodes_births: 2.
num_vsnodes_deaths: 0.
num_space_committed: 932.
num_space_uncommitted: 0.
num_chunks_returned_to_freelist: 6.
num_chunks_taken_from_freelist: 1813.
num_chunk_merges: 0.
num_chunk_splits: 1136.
num_chunks_enlarged: 814.
num_inconsistent_stats: 0.

CodeHeap 'non-profiled nmethods': size=120128Kb used=13001Kb max_used=13001Kb free=107126Kb
 bounds [0x000001c553550000, 0x000001c554210000, 0x000001c55aaa0000]
CodeHeap 'profiled nmethods': size=120000Kb used=23128Kb max_used=23128Kb free=96871Kb
 bounds [0x000001c54baa0000, 0x000001c54d140000, 0x000001c552fd0000]
CodeHeap 'non-nmethods': size=5632Kb used=1812Kb max_used=1973Kb free=3819Kb
 bounds [0x000001c552fd0000, 0x000001c553240000, 0x000001c553550000]
CodeCache: size=245760Kb, used=37941Kb, max_used=38102Kb, free=207816Kb
 total_blobs=15144, nmethods=14165, adapters=882, full_count=0
Compilation: enabled, stopped_count=0, restarted_count=0

Compilation events (20 events):
Event: 276.095 Thread 0x000001c560106800 19694       3       jadx.core.dex.regions.TryCatchRegion::<init> (18 bytes)
Event: 276.095 Thread 0x000001c560106800 nmethod 19694 0x000001c54d12fb88 code [0x000001c54d12fcc0, 0x000001c54d1300e8]
Event: 276.131 Thread 0x000001c560106800 19697       3       jadx.core.dex.visitors.regions.ProcessTryCatchRegions::wrapBlocks (269 bytes)
Event: 276.133 Thread 0x000001c560106800 nmethod 19697 0x000001c54d130188 code [0x000001c54d130500, 0x000001c54d132880]
Event: 276.147 Thread 0x000001c560106800 19699       3       java.util.Collections$SingletonList::spliterator (8 bytes)
Event: 276.147 Thread 0x000001c560106800 nmethod 19699 0x000001c54d132908 code [0x000001c54d132a40, 0x000001c54d132d20]
Event: 276.147 Thread 0x000001c560106800 19700       3       jadx.core.dex.visitors.finaly.MarkFinallyVisitor::checkBlocksTree (212 bytes)
Event: 276.149 Thread 0x000001c560106800 nmethod 19700 0x000001c54d132d88 code [0x000001c54d133040, 0x000001c54d134768]
Event: 277.335 Thread 0x000001c560106800 19701       1       jadx.gui.jobs.IBackgroundTask::getProgressListener (2 bytes)
Event: 277.335 Thread 0x000001c560106800 nmethod 19701 0x000001c554201008 code [0x000001c554201120, 0x000001c5542011f0]
Event: 277.364 Thread 0x000001c560106800 19702       1       com.formdev.flatlaf.ui.FlatTabbedPaneUI::access$4600 (5 bytes)
Event: 277.364 Thread 0x000001c560106800 nmethod 19702 0x000001c554201308 code [0x000001c554201400, 0x000001c5542014b0]
Event: 277.427 Thread 0x000001c560106800 19703       3       java.util.concurrent.ConcurrentHashMap::isEmpty (15 bytes)
Event: 277.427 Thread 0x000001c560106800 nmethod 19703 0x000001c54d134808 code [0x000001c54d134920, 0x000001c54d134b20]
Event: 277.572 Thread 0x000001c560106800 19704       3       java.awt.AWTEventMulticaster::mouseEntered (27 bytes)
Event: 277.572 Thread 0x000001c560106800 nmethod 19704 0x000001c54d134b88 code [0x000001c54d134cc0, 0x000001c54d135118]
Event: 279.471 Thread 0x000001c560106800 19705       3       jadx.core.utils.tasks.TaskExecutor::isRunning (8 bytes)
Event: 279.471 Thread 0x000001c560106800 nmethod 19705 0x000001c54d135188 code [0x000001c54d1352a0, 0x000001c54d1354d8]
Event: 280.544 Thread 0x000001c560106800 19707       2       java.lang.Runtime::getRuntime (4 bytes)
Event: 280.544 Thread 0x000001c560106800 nmethod 19707 0x000001c54d135508 code [0x000001c54d135620, 0x000001c54d135708]

GC Heap History (20 events):
Event: 265.654 GC heap after
{Heap after GC invocations=80 (full 4):
 garbage-first heap   total reserved 2752512K, committed 2236416K, used 1005360K [0x0000000758000000, 0x0000000800000000)
  region size 2048K, 3 young (6144K), 3 survivors (6144K)
 Metaspace       used 59162K, committed 59648K, reserved 1114112K
  class space    used 5879K, committed 6080K, reserved 1048576K
}
Event: 268.891 GC heap before
{Heap before GC invocations=80 (full 4):
 garbage-first heap   total reserved 2752512K, committed 2236416K, used 1466160K [0x0000000758000000, 0x0000000800000000)
  region size 2048K, 222 young (454656K), 3 survivors (6144K)
 Metaspace       used 59163K, committed 59648K, reserved 1114112K
  class space    used 5879K, committed 6080K, reserved 1048576K
}
Event: 269.007 GC heap after
{Heap after GC invocations=81 (full 4):
 garbage-first heap   total reserved 2752512K, committed 2236416K, used 1027888K [0x0000000758000000, 0x0000000800000000)
  region size 2048K, 13 young (26624K), 13 survivors (26624K)
 Metaspace       used 59163K, committed 59648K, reserved 1114112K
  class space    used 5879K, committed 6080K, reserved 1048576K
}
Event: 270.421 GC heap before
{Heap before GC invocations=81 (full 4):
 garbage-first heap   total reserved 2752512K, committed 2236416K, used 1306416K [0x0000000758000000, 0x0000000800000000)
  region size 2048K, 148 young (303104K), 13 survivors (26624K)
 Metaspace       used 59164K, committed 59648K, reserved 1114112K
  class space    used 5879K, committed 6080K, reserved 1048576K
}
Event: 270.537 GC heap after
{Heap after GC invocations=82 (full 4):
 garbage-first heap   total reserved 2752512K, committed 2236416K, used 1035056K [0x0000000758000000, 0x0000000800000000)
  region size 2048K, 4 young (8192K), 4 survivors (8192K)
 Metaspace       used 59164K, committed 59648K, reserved 1114112K
  class space    used 5879K, committed 6080K, reserved 1048576K
}
Event: 272.812 GC heap before
{Heap before GC invocations=82 (full 4):
 garbage-first heap   total reserved 2752512K, committed 2236416K, used 1551152K [0x0000000758000000, 0x0000000800000000)
  region size 2048K, 256 young (524288K), 4 survivors (8192K)
 Metaspace       used 59171K, committed 59648K, reserved 1114112K
  class space    used 5879K, committed 6080K, reserved 1048576K
}
Event: 272.973 GC heap after
{Heap after GC invocations=83 (full 4):
 garbage-first heap   total reserved 2752512K, committed 2236416K, used 1084208K [0x0000000758000000, 0x0000000800000000)
  region size 2048K, 28 young (57344K), 28 survivors (57344K)
 Metaspace       used 59171K, committed 59648K, reserved 1114112K
  class space    used 5879K, committed 6080K, reserved 1048576K
}
Event: 273.208 GC heap before
{Heap before GC invocations=83 (full 4):
 garbage-first heap   total reserved 2752512K, committed 2236416K, used 1137456K [0x0000000758000000, 0x0000000800000000)
  region size 2048K, 54 young (110592K), 28 survivors (57344K)
 Metaspace       used 59171K, committed 59648K, reserved 1114112K
  class space    used 5879K, committed 6080K, reserved 1048576K
}
Event: 273.380 GC heap after
{Heap after GC invocations=84 (full 4):
 garbage-first heap   total reserved 2752512K, committed 2236416K, used 1093424K [0x0000000758000000, 0x0000000800000000)
  region size 2048K, 6 young (12288K), 6 survivors (12288K)
 Metaspace       used 59171K, committed 59648K, reserved 1114112K
  class space    used 5879K, committed 6080K, reserved 1048576K
}
Event: 274.120 GC heap before
{Heap before GC invocations=84 (full 4):
 garbage-first heap   total reserved 2752512K, committed 2236416K, used 1345328K [0x0000000758000000, 0x0000000800000000)
  region size 2048K, 129 young (264192K), 6 survivors (12288K)
 Metaspace       used 59171K, committed 59648K, reserved 1114112K
  class space    used 5879K, committed 6080K, reserved 1048576K
}
Event: 274.201 GC heap after
{Heap after GC invocations=85 (full 4):
 garbage-first heap   total reserved 2752512K, committed 2236416K, used 1102640K [0x0000000758000000, 0x0000000800000000)
  region size 2048K, 11 young (22528K), 11 survivors (22528K)
 Metaspace       used 59171K, committed 59648K, reserved 1114112K
  class space    used 5879K, committed 6080K, reserved 1048576K
}
Event: 275.290 GC heap before
{Heap before GC invocations=85 (full 4):
 garbage-first heap   total reserved 2752512K, committed 2236416K, used 1344304K [0x0000000758000000, 0x0000000800000000)
  region size 2048K, 129 young (264192K), 11 survivors (22528K)
 Metaspace       used 59172K, committed 59648K, reserved 1114112K
  class space    used 5879K, committed 6080K, reserved 1048576K
}
Event: 275.434 GC heap after
{Heap after GC invocations=86 (full 4):
 garbage-first heap   total reserved 2752512K, committed 2236416K, used 1119002K [0x0000000758000000, 0x0000000800000000)
  region size 2048K, 13 young (26624K), 13 survivors (26624K)
 Metaspace       used 59172K, committed 59648K, reserved 1114112K
  class space    used 5879K, committed 6080K, reserved 1048576K
}
Event: 276.168 GC heap before
{Heap before GC invocations=86 (full 4):
 garbage-first heap   total reserved 2752512K, committed 2236416K, used 1317658K [0x0000000758000000, 0x0000000800000000)
  region size 2048K, 110 young (225280K), 13 survivors (26624K)
 Metaspace       used 59178K, committed 59648K, reserved 1114112K
  class space    used 5879K, committed 6080K, reserved 1048576K
}
Event: 277.305 GC heap after
{Heap after GC invocations=87 (full 4):
 garbage-first heap   total reserved 2752512K, committed 2357248K, used 1129264K [0x0000000758000000, 0x0000000800000000)
  region size 2048K, 6 young (12288K), 6 survivors (12288K)
 Metaspace       used 59178K, committed 59648K, reserved 1114112K
  class space    used 5879K, committed 6080K, reserved 1048576K
}
Event: 277.769 GC heap before
{Heap before GC invocations=87 (full 4):
 garbage-first heap   total reserved 2752512K, committed 2357248K, used 1233712K [0x0000000758000000, 0x0000000800000000)
  region size 2048K, 57 young (116736K), 6 survivors (12288K)
 Metaspace       used 59179K, committed 59648K, reserved 1114112K
  class space    used 5879K, committed 6080K, reserved 1048576K
}
Event: 279.465 GC heap after
{Heap after GC invocations=88 (full 4):
 garbage-first heap   total reserved 2752512K, committed 2357248K, used 1145648K [0x0000000758000000, 0x0000000800000000)
  region size 2048K, 8 young (16384K), 8 survivors (16384K)
 Metaspace       used 59179K, committed 59648K, reserved 1114112K
  class space    used 5879K, committed 6080K, reserved 1048576K
}
Event: 279.842 GC heap before
{Heap before GC invocations=88 (full 4):
 garbage-first heap   total reserved 2752512K, committed 2357248K, used 1246000K [0x0000000758000000, 0x0000000800000000)
  region size 2048K, 57 young (116736K), 8 survivors (16384K)
 Metaspace       used 59180K, committed 59648K, reserved 1114112K
  class space    used 5879K, committed 6080K, reserved 1048576K
}
Event: 280.536 GC heap after
{Heap after GC invocations=89 (full 4):
 garbage-first heap   total reserved 2752512K, committed 2357248K, used 1153840K [0x0000000758000000, 0x0000000800000000)
  region size 2048K, 6 young (12288K), 6 survivors (12288K)
 Metaspace       used 59180K, committed 59648K, reserved 1114112K
  class space    used 5879K, committed 6080K, reserved 1048576K
}
Event: 281.024 GC heap before
{Heap before GC invocations=89 (full 4):
 garbage-first heap   total reserved 2752512K, committed 2357248K, used 1258288K [0x0000000758000000, 0x0000000800000000)
  region size 2048K, 57 young (116736K), 6 survivors (12288K)
 Metaspace       used 59180K, committed 59648K, reserved 1114112K
  class space    used 5879K, committed 6080K, reserved 1048576K
}

Dll operation events (11 events):
Event: 0.012 Loaded shared library O:\BACKUP\jadx-gui-1.5.2-with-jre-win\jre\bin\java.dll
Event: 0.019 Loaded shared library O:\BACKUP\jadx-gui-1.5.2-with-jre-win\jre\bin\zip.dll
Event: 0.346 Loaded shared library O:\BACKUP\jadx-gui-1.5.2-with-jre-win\jre\bin\net.dll
Event: 0.478 Loaded shared library O:\BACKUP\jadx-gui-1.5.2-with-jre-win\jre\bin\nio.dll
Event: 2.563 Loaded shared library O:\BACKUP\jadx-gui-1.5.2-with-jre-win\jre\bin\zip.dll
Event: 2.817 Loaded shared library O:\BACKUP\jadx-gui-1.5.2-with-jre-win\jre\bin\jimage.dll
Event: 4.688 Loaded shared library O:\BACKUP\jadx-gui-1.5.2-with-jre-win\jre\bin\awt.dll
Event: 5.145 Loaded shared library O:\BACKUP\jadx-gui-1.5.2-with-jre-win\jre\bin\freetype.dll
Event: 5.175 Loaded shared library O:\BACKUP\jadx-gui-1.5.2-with-jre-win\jre\bin\fontmanager.dll
Event: 9.881 Loaded shared library C:\Users\DAVI\AppData\Local\Temp\csjniutils-0.3.311430157327041568749.dll
Event: 10.156 Loaded shared library C:\Users\DAVI\AppData\Local\Temp\flatlaf.temp\flatlaf-windows-x86_64-175763185303200.dll

Deoptimization events (20 events):
Event: 272.071 Thread 0x000001c565505470 DEOPT PACKING pc=0x000001c54d1255f1 sp=0x0000008a593fead0
Event: 272.071 Thread 0x000001c565505470 DEOPT UNPACKING pc=0x000001c553025783 sp=0x0000008a593fdf80 mode 0
Event: 272.140 Thread 0x000001c565505470 DEOPT PACKING pc=0x000001c54d0f4d10 sp=0x0000008a593fea70
Event: 272.140 Thread 0x000001c565505470 DEOPT UNPACKING pc=0x000001c553025783 sp=0x0000008a593fdf28 mode 0
Event: 272.205 Thread 0x000001c565505470 Uncommon trap: trap_request=0xffffffde fr.pc=0x000001c553a744e8 relative=0x0000000000000968
Event: 272.205 Thread 0x000001c565505470 Uncommon trap: reason=class_check action=maybe_recompile pc=0x000001c553a744e8 method=jadx.core.dex.instructions.args.InsnArg.wrapInstruction(Ljadx/core/dex/nodes/MethodNode;Ljadx/core/dex/nodes/InsnNode;Z)Ljadx/core/dex/instructions/args/InsnArg; @ 177 c
Event: 272.205 Thread 0x000001c565505470 DEOPT PACKING pc=0x000001c553a744e8 sp=0x0000008a593feb20
Event: 272.205 Thread 0x000001c565505470 DEOPT UNPACKING pc=0x000001c55304cf7c sp=0x0000008a593feab8 mode 2
Event: 274.467 Thread 0x000001c565505470 Uncommon trap: trap_request=0xffffff4d fr.pc=0x000001c5541c2ab4 relative=0x0000000000002274
Event: 274.467 Thread 0x000001c565505470 Uncommon trap: reason=unstable_if action=reinterpret pc=0x000001c5541c2ab4 method=jadx.core.dex.visitors.regions.ProcessTryCatchRegions.wrapBlocks(Ljadx/core/dex/nodes/IRegion;Ljadx/core/dex/trycatch/TryCatchBlockAttr;Ljadx/core/dex/nodes/BlockNode;)Z @ 1
Event: 274.467 Thread 0x000001c565505470 DEOPT PACKING pc=0x000001c5541c2ab4 sp=0x0000008a593fe8c0
Event: 274.467 Thread 0x000001c565505470 DEOPT UNPACKING pc=0x000001c55304cf7c sp=0x0000008a593fe8a0 mode 2
Event: 275.028 Thread 0x000001c565505470 Uncommon trap: trap_request=0xffffff4d fr.pc=0x000001c5541bd968 relative=0x0000000000002b68
Event: 275.028 Thread 0x000001c565505470 Uncommon trap: reason=unstable_if action=reinterpret pc=0x000001c5541bd968 method=jadx.core.codegen.ClassGen.addMethodCode(Ljadx/api/ICodeWriter;Ljadx/core/dex/nodes/MethodNode;)V @ 108 c2
Event: 275.028 Thread 0x000001c565505470 DEOPT PACKING pc=0x000001c5541bd968 sp=0x0000008a593fdb10
Event: 275.028 Thread 0x000001c565505470 DEOPT UNPACKING pc=0x000001c55304cf7c sp=0x0000008a593fd990 mode 2
Event: 276.121 Thread 0x000001c565505470 Uncommon trap: trap_request=0xffffffde fr.pc=0x000001c553ff771c relative=0x000000000000231c
Event: 276.121 Thread 0x000001c565505470 Uncommon trap: reason=class_check action=maybe_recompile pc=0x000001c553ff771c method=java.util.HashSet.clear()V @ 4 c2
Event: 276.121 Thread 0x000001c565505470 DEOPT PACKING pc=0x000001c553ff771c sp=0x0000008a593fec30
Event: 276.121 Thread 0x000001c565505470 DEOPT UNPACKING pc=0x000001c55304cf7c sp=0x0000008a593fe9b8 mode 2

Classes loaded (20 events):
Event: 160.296 Loading class sun/awt/windows/awtLocalization_en
Event: 160.296 Loading class sun/awt/windows/awtLocalization_en done
Event: 160.296 Loading class sun/awt/windows/awtLocalization_en
Event: 160.296 Loading class sun/awt/windows/awtLocalization_en done
Event: 160.296 Loading class sun/awt/windows/awtLocalization_en_US
Event: 160.296 Loading class sun/awt/windows/awtLocalization_en_US done
Event: 160.296 Loading class sun/awt/windows/awtLocalization_en_US
Event: 160.296 Loading class sun/awt/windows/awtLocalization_en_US done
Event: 169.759 Loading class sun/awt/windows/WFileDialogPeer$1
Event: 169.760 Loading class sun/awt/windows/WFileDialogPeer$1 done
Event: 170.628 Loading class java/lang/Character$UnicodeBlock
Event: 170.666 Loading class java/lang/Character$Subset
Event: 170.666 Loading class java/lang/Character$Subset done
Event: 170.668 Loading class java/lang/Character$UnicodeBlock done
Event: 185.302 Loading class java/text/DigitList$1
Event: 185.302 Loading class java/text/DigitList$1 done
Event: 190.131 Loading class java/nio/file/FileVisitOption
Event: 190.131 Loading class java/nio/file/FileVisitOption done
Event: 190.131 Loading class java/nio/file/FileTreeIterator
Event: 190.131 Loading class java/nio/file/FileTreeIterator done

Classes unloaded (0 events):
No events

Classes redefined (0 events):
No events

Internal exceptions (20 events):
Event: 280.664 Thread 0x000001c565505470 Exception <a 'java/io/IOException'{0x00000007e568d678}> (0x00000007e568d678) 
thrown [s\open\src\hotspot\share\prims\jni.cpp, line 518]
Event: 280.664 Thread 0x000001c565505470 Exception <a 'java/io/IOException'{0x00000007e568def0}> (0x00000007e568def0) 
thrown [s\open\src\hotspot\share\prims\jni.cpp, line 518]
Event: 280.664 Thread 0x000001c565505470 Exception <a 'java/io/IOException'{0x00000007e568ee68}> (0x00000007e568ee68) 
thrown [s\open\src\hotspot\share\prims\jni.cpp, line 518]
Event: 280.664 Thread 0x000001c565505470 Exception <a 'java/io/IOException'{0x00000007e568f430}> (0x00000007e568f430) 
thrown [s\open\src\hotspot\share\prims\jni.cpp, line 518]
Event: 280.664 Thread 0x000001c565505470 Exception <a 'java/io/IOException'{0x00000007e5691698}> (0x00000007e5691698) 
thrown [s\open\src\hotspot\share\prims\jni.cpp, line 518]
Event: 280.664 Thread 0x000001c565505470 Exception <a 'java/io/IOException'{0x00000007e5691f10}> (0x00000007e5691f10) 
thrown [s\open\src\hotspot\share\prims\jni.cpp, line 518]
Event: 280.664 Thread 0x000001c565505470 Exception <a 'java/io/IOException'{0x00000007e5693188}> (0x00000007e5693188) 
thrown [s\open\src\hotspot\share\prims\jni.cpp, line 518]
Event: 280.664 Thread 0x000001c565505470 Exception <a 'java/io/IOException'{0x00000007e5693a00}> (0x00000007e5693a00) 
thrown [s\open\src\hotspot\share\prims\jni.cpp, line 518]
Event: 280.664 Thread 0x000001c565505470 Exception <a 'java/io/IOException'{0x00000007e56a0b30}> (0x00000007e56a0b30) 
thrown [s\open\src\hotspot\share\prims\jni.cpp, line 518]
Event: 280.665 Thread 0x000001c565505470 Exception <a 'java/io/IOException'{0x00000007e56a13a8}> (0x00000007e56a13a8) 
thrown [s\open\src\hotspot\share\prims\jni.cpp, line 518]
Event: 280.667 Thread 0x000001c565505470 Exception <a 'java/io/IOException'{0x00000007e57893a0}> (0x00000007e57893a0) 
thrown [s\open\src\hotspot\share\prims\jni.cpp, line 518]
Event: 280.667 Thread 0x000001c565505470 Exception <a 'java/io/IOException'{0x00000007e5789968}> (0x00000007e5789968) 
thrown [s\open\src\hotspot\share\prims\jni.cpp, line 518]
Event: 280.668 Thread 0x000001c565505470 Exception <a 'java/io/IOException'{0x00000007e578b220}> (0x00000007e578b220) 
thrown [s\open\src\hotspot\share\prims\jni.cpp, line 518]
Event: 280.668 Thread 0x000001c565505470 Exception <a 'java/io/IOException'{0x00000007e578b7e8}> (0x00000007e578b7e8) 
thrown [s\open\src\hotspot\share\prims\jni.cpp, line 518]
Event: 280.668 Thread 0x000001c565505470 Exception <a 'java/io/IOException'{0x00000007e578d050}> (0x00000007e578d050) 
thrown [s\open\src\hotspot\share\prims\jni.cpp, line 518]
Event: 280.668 Thread 0x000001c565505470 Exception <a 'java/io/IOException'{0x00000007e578d618}> (0x00000007e578d618) 
thrown [s\open\src\hotspot\share\prims\jni.cpp, line 518]
Event: 280.668 Thread 0x000001c565505470 Exception <a 'java/io/IOException'{0x00000007e578e630}> (0x00000007e578e630) 
thrown [s\open\src\hotspot\share\prims\jni.cpp, line 518]
Event: 280.668 Thread 0x000001c565505470 Exception <a 'java/io/IOException'{0x00000007e578ebf8}> (0x00000007e578ebf8) 
thrown [s\open\src\hotspot\share\prims\jni.cpp, line 518]
Event: 280.806 Thread 0x000001c565505470 Exception <a 'java/io/IOException'{0x00000007e3daa718}> (0x00000007e3daa718) 
thrown [s\open\src\hotspot\share\prims\jni.cpp, line 518]
Event: 280.806 Thread 0x000001c565505470 Exception <a 'java/io/IOException'{0x00000007e3daace0}> (0x00000007e3daace0) 
thrown [s\open\src\hotspot\share\prims\jni.cpp, line 518]

VM Operations (20 events):
Event: 265.654 Executing VM operation: G1CollectForAllocation (G1 Evacuation Pause) done
Event: 268.891 Executing VM operation: G1CollectForAllocation (G1 Evacuation Pause)
Event: 269.007 Executing VM operation: G1CollectForAllocation (G1 Evacuation Pause) done
Event: 270.421 Executing VM operation: G1CollectForAllocation (G1 Evacuation Pause)
Event: 270.537 Executing VM operation: G1CollectForAllocation (G1 Evacuation Pause) done
Event: 272.812 Executing VM operation: G1CollectForAllocation (G1 Evacuation Pause)
Event: 272.973 Executing VM operation: G1CollectForAllocation (G1 Evacuation Pause) done
Event: 273.208 Executing VM operation: G1CollectForAllocation (G1 Evacuation Pause)
Event: 273.380 Executing VM operation: G1CollectForAllocation (G1 Evacuation Pause) done
Event: 274.120 Executing VM operation: G1CollectForAllocation (G1 Evacuation Pause)
Event: 274.202 Executing VM operation: G1CollectForAllocation (G1 Evacuation Pause) done
Event: 275.290 Executing VM operation: G1CollectForAllocation (G1 Evacuation Pause)
Event: 275.434 Executing VM operation: G1CollectForAllocation (G1 Evacuation Pause) done
Event: 276.168 Executing VM operation: G1CollectForAllocation (G1 Evacuation Pause)
Event: 277.305 Executing VM operation: G1CollectForAllocation (G1 Evacuation Pause) done
Event: 277.769 Executing VM operation: G1CollectForAllocation (G1 Evacuation Pause)
Event: 279.465 Executing VM operation: G1CollectForAllocation (G1 Evacuation Pause) done
Event: 279.842 Executing VM operation: G1CollectForAllocation (G1 Evacuation Pause)
Event: 280.536 Executing VM operation: G1CollectForAllocation (G1 Evacuation Pause) done
Event: 281.024 Executing VM operation: G1CollectForAllocation (G1 Evacuation Pause)

Memory protections (0 events):
No events

Nmethod flushes (20 events):
Event: 171.391 Thread 0x000001c54a36e2e0 flushing  nmethod 0x000001c553dbba08
Event: 171.391 Thread 0x000001c54a36e2e0 flushing  nmethod 0x000001c553dc9988
Event: 171.391 Thread 0x000001c54a36e2e0 flushing  nmethod 0x000001c553dd4508
Event: 171.391 Thread 0x000001c54a36e2e0 flushing  nmethod 0x000001c553dd5708
Event: 171.391 Thread 0x000001c54a36e2e0 flushing  nmethod 0x000001c553de8088
Event: 171.391 Thread 0x000001c54a36e2e0 flushing  nmethod 0x000001c553df9288
Event: 171.391 Thread 0x000001c54a36e2e0 flushing  nmethod 0x000001c54bafa608
Event: 171.391 Thread 0x000001c54a36e2e0 flushing  nmethod 0x000001c54bc98a88
Event: 171.391 Thread 0x000001c54a36e2e0 flushing  nmethod 0x000001c54bca5b08
Event: 171.391 Thread 0x000001c54a36e2e0 flushing  nmethod 0x000001c54bdb9b88
Event: 171.391 Thread 0x000001c54a36e2e0 flushing  nmethod 0x000001c54bec2c88
Event: 171.391 Thread 0x000001c54a36e2e0 flushing  nmethod 0x000001c54bfc5108
Event: 171.391 Thread 0x000001c54a36e2e0 flushing  nmethod 0x000001c54c068608
Event: 171.391 Thread 0x000001c54a36e2e0 flushing  nmethod 0x000001c54c22b088
Event: 171.391 Thread 0x000001c54a36e2e0 flushing  nmethod 0x000001c54c5cd608
Event: 171.391 Thread 0x000001c54a36e2e0 flushing  nmethod 0x000001c54c7d2a88
Event: 171.391 Thread 0x000001c54a36e2e0 flushing  nmethod 0x000001c54ca80488
Event: 171.391 Thread 0x000001c54a36e2e0 flushing  nmethod 0x000001c54cf57788
Event: 171.391 Thread 0x000001c54a36e2e0 flushing  nmethod 0x000001c54cf89508
Event: 171.391 Thread 0x000001c54a36e2e0 flushing  nmethod 0x000001c54cfc0308

Events (20 events):
Event: 127.815 Thread 0x000001c56665fea0 Thread exited: 0x000001c56665fea0
Event: 128.495 Thread 0x000001c56665b580 Thread added: 0x000001c56665ae30
Event: 128.515 Thread 0x000001c56665ae30 Thread exited: 0x000001c56665ae30
Event: 136.007 Thread 0x000001c56665b580 Thread added: 0x000001c56665ae30
Event: 136.012 Thread 0x000001c56665ae30 Thread exited: 0x000001c56665ae30
Event: 148.016 Thread 0x000001c56665b580 Thread exited: 0x000001c56665b580
Event: 148.386 Thread 0x000001c56029df60 Thread exited: 0x000001c56029df60
Event: 160.297 Thread 0x000001c5654d0620 Thread added: 0x000001c56665ae30
Event: 160.298 Thread 0x000001c56665ae30 Thread exited: 0x000001c56665ae30
Event: 170.822 Thread 0x000001c5654d0620 Thread added: 0x000001c56029df60
Event: 170.841 Thread 0x000001c56029df60 Thread added: 0x000001c56029c970
Event: 209.173 Thread 0x000001c56029c970 Thread exited: 0x000001c56029c970
Event: 210.023 Thread 0x000001c56029df60 Thread added: 0x000001c5655019f0
Event: 210.033 Thread 0x000001c5655019f0 Thread exited: 0x000001c5655019f0
Event: 210.226 Thread 0x000001c56029df60 Thread added: 0x000001c5655019f0
Event: 210.231 Thread 0x000001c5655019f0 Thread exited: 0x000001c5655019f0
Event: 210.428 Thread 0x000001c5654d0620 Thread added: 0x000001c565503730
Event: 211.450 Thread 0x000001c56029df60 Thread added: 0x000001c565505470
Event: 211.466 Thread 0x000001c565505470 Thread added: 0x000001c565503e80
Event: 212.573 Thread 0x000001c565503730 Thread exited: 0x000001c565503730


Dynamic libraries:
0x00007ff773770000 - 0x00007ff773780000 	O:\BACKUP\jadx-gui-1.5.2-with-jre-win\jre\bin\javaw.exe
0x00007ff8ec170000 - 0x00007ff8ec366000 	C:\windows\SYSTEM32\ntdll.dll
0x00007ff8eaf40000 - 0x00007ff8eaffd000 	C:\windows\System32\KERNEL32.DLL
0x00007ff8e9bb0000 - 0x00007ff8e9e78000 	C:\windows\System32\KERNELBASE.dll
0x00007ff8ea040000 - 0x00007ff8ea140000 	C:\windows\System32\ucrtbase.dll
0x00007ff8ce920000 - 0x00007ff8ce936000 	O:\BACKUP\jadx-gui-1.5.2-with-jre-win\jre\bin\jli.dll
0x00007ff8eb380000 - 0x00007ff8eb520000 	C:\windows\System32\USER32.dll
0x00007ff8ea140000 - 0x00007ff8ea162000 	C:\windows\System32\win32u.dll
0x00007ff8eb010000 - 0x00007ff8eb03a000 	C:\windows\System32\GDI32.dll
0x00007ff8e9eb0000 - 0x00007ff8e9fb9000 	C:\windows\System32\gdi32full.dll
0x00007ff8e98b0000 - 0x00007ff8e994d000 	C:\windows\System32\msvcp_win.dll
0x00007ff8de960000 - 0x00007ff8de97b000 	O:\BACKUP\jadx-gui-1.5.2-with-jre-win\jre\bin\VCRUNTIME140.dll
0x00007ff8dbef0000 - 0x00007ff8dc18b000 	C:\windows\WinSxS\amd64_microsoft.windows.common-controls_6595b64144ccf1df_6.0.19041.488_none_ca04af081b815d21\COMCTL32.dll
0x00007ff8ebd70000 - 0x00007ff8ebe0e000 	C:\windows\System32\msvcrt.dll
0x00007ff8ea430000 - 0x00007ff8ea460000 	C:\windows\System32\IMM32.DLL
0x00007ff8e03f0000 - 0x00007ff8e03fc000 	O:\BACKUP\jadx-gui-1.5.2-with-jre-win\jre\bin\vcruntime140_1.dll
0x00007ff8c1870000 - 0x00007ff8c18fe000 	O:\BACKUP\jadx-gui-1.5.2-with-jre-win\jre\bin\msvcp140.dll
0x00007ff8adc10000 - 0x00007ff8ae9b2000 	O:\BACKUP\jadx-gui-1.5.2-with-jre-win\jre\bin\server\jvm.dll
0x00007ff8ebf20000 - 0x00007ff8ebfcc000 	C:\windows\System32\ADVAPI32.dll
0x00007ff8ebcc0000 - 0x00007ff8ebd5b000 	C:\windows\System32\sechost.dll
0x00007ff8eb990000 - 0x00007ff8ebab4000 	C:\windows\System32\RPCRT4.dll
0x00007ff8ea3c0000 - 0x00007ff8ea42b000 	C:\windows\System32\WS2_32.dll
0x00007ff8e9340000 - 0x00007ff8e938b000 	C:\windows\SYSTEM32\POWRPROF.dll
0x00007ff8e1650000 - 0x00007ff8e1677000 	C:\windows\SYSTEM32\WINMM.dll
0x00007ff8e1930000 - 0x00007ff8e193a000 	C:\windows\SYSTEM32\VERSION.dll
0x00007ff8e92b0000 - 0x00007ff8e92c2000 	C:\windows\SYSTEM32\UMPDC.dll
0x00007ff8e7800000 - 0x00007ff8e7812000 	C:\windows\SYSTEM32\kernel.appcore.dll
0x00007ff8e0320000 - 0x00007ff8e032a000 	O:\BACKUP\jadx-gui-1.5.2-with-jre-win\jre\bin\jimage.dll
0x00007ff8dc190000 - 0x00007ff8dc374000 	C:\windows\SYSTEM32\DBGHELP.DLL
0x00007ff8da7d0000 - 0x00007ff8da7fc000 	C:\windows\SYSTEM32\dbgcore.DLL
0x00007ff8e9fc0000 - 0x00007ff8ea03f000 	C:\windows\System32\bcryptPrimitives.dll
0x00007ff8ce030000 - 0x00007ff8ce04e000 	O:\BACKUP\jadx-gui-1.5.2-with-jre-win\jre\bin\java.dll
0x00007ff8ea1d0000 - 0x00007ff8ea2fa000 	C:\windows\System32\ole32.dll
0x00007ff8eabe0000 - 0x00007ff8eaf35000 	C:\windows\System32\combase.dll
0x00007ff8ea470000 - 0x00007ff8eabb1000 	C:\windows\System32\SHELL32.dll
0x00007ff8cde90000 - 0x00007ff8cdea7000 	O:\BACKUP\jadx-gui-1.5.2-with-jre-win\jre\bin\zip.dll
0x00007ff8e7a00000 - 0x00007ff8e8195000 	C:\windows\SYSTEM32\windows.storage.dll
0x00007ff8e92d0000 - 0x00007ff8e92fc000 	C:\windows\SYSTEM32\Wldp.dll
0x00007ff8ebe10000 - 0x00007ff8ebebe000 	C:\windows\System32\SHCORE.dll
0x00007ff8ea360000 - 0x00007ff8ea3b5000 	C:\windows\System32\shlwapi.dll
0x00007ff8e97e0000 - 0x00007ff8e9806000 	C:\windows\SYSTEM32\profapi.dll
0x00007ff8e0140000 - 0x00007ff8e0150000 	O:\BACKUP\jadx-gui-1.5.2-with-jre-win\jre\bin\net.dll
0x00007ff8e9030000 - 0x00007ff8e909a000 	C:\windows\system32\mswsock.dll
0x00007ff8cc600000 - 0x00007ff8cc616000 	O:\BACKUP\jadx-gui-1.5.2-with-jre-win\jre\bin\nio.dll
0x00007ff8bc250000 - 0x00007ff8bc3cf000 	O:\BACKUP\jadx-gui-1.5.2-with-jre-win\jre\bin\awt.dll
0x00007ff8ec060000 - 0x00007ff8ec12d000 	C:\windows\System32\OLEAUT32.dll
0x00007ff8e7170000 - 0x00007ff8e7200000 	C:\windows\SYSTEM32\apphelp.dll
0x00007ff8e7420000 - 0x00007ff8e744f000 	C:\windows\system32\DWMAPI.DLL
0x00007ff8e72c0000 - 0x00007ff8e735e000 	C:\windows\system32\uxtheme.dll
0x00007ff8ebb40000 - 0x00007ff8ebc55000 	C:\windows\System32\MSCTF.dll
0x00007ff8bde20000 - 0x00007ff8bdea7000 	O:\BACKUP\jadx-gui-1.5.2-with-jre-win\jre\bin\freetype.dll
0x00007ff8bdba0000 - 0x00007ff8bdc77000 	O:\BACKUP\jadx-gui-1.5.2-with-jre-win\jre\bin\fontmanager.dll
0x00007ff8bd9f0000 - 0x00007ff8bda89000 	C:\windows\system32\opengl32.dll
0x00007ff8bd3a0000 - 0x00007ff8bd44e000 	C:\windows\SYSTEM32\libglapi.dll
0x00007ff8a9fd0000 - 0x00007ff8adc0e000 	C:\windows\SYSTEM32\libgallium_wgl.dll
0x00007ff8e9200000 - 0x00007ff8e9218000 	C:\windows\SYSTEM32\CRYPTSP.dll
0x00007ff8e8960000 - 0x00007ff8e8994000 	C:\windows\system32\rsaenh.dll
0x00007ff8e9e80000 - 0x00007ff8e9ea7000 	C:\windows\System32\bcrypt.dll
0x00007ff8e9760000 - 0x00007ff8e978e000 	C:\windows\SYSTEM32\USERENV.dll
0x00007ff8e9220000 - 0x00007ff8e922c000 	C:\windows\SYSTEM32\CRYPTBASE.dll
0x00007ff8e8cc0000 - 0x00007ff8e8cfb000 	C:\windows\SYSTEM32\IPHLPAPI.DLL
0x00007ff8ea460000 - 0x00007ff8ea468000 	C:\windows\System32\NSI.dll
0x00007ff8cc4a0000 - 0x00007ff8cc4c6000 	C:\Users\DAVI\AppData\Local\Temp\csjniutils-0.3.311430157327041568749.dll
0x00007ff8dfe30000 - 0x00007ff8dfe36000 	C:\Users\DAVI\AppData\Local\Temp\flatlaf.temp\flatlaf-windows-x86_64-175763185303200.dll
0x00007ff8eb2d0000 - 0x00007ff8eb379000 	C:\windows\System32\clbcatq.dll
0x00007ff8e44d0000 - 0x00007ff8e4684000 	C:\windows\SYSTEM32\WindowsCodecs.dll
0x00007ff8dfd20000 - 0x00007ff8dfd5e000 	C:\windows\system32\dataexchange.dll
0x00007ff8e5f00000 - 0x00007ff8e6164000 	C:\windows\system32\d3d11.dll
0x00007ff8e62d0000 - 0x00007ff8e64b5000 	C:\windows\system32\dcomp.dll
0x00007ff8e81e0000 - 0x00007ff8e82d3000 	C:\windows\system32\dxgi.dll
0x00007ff8e4690000 - 0x00007ff8e4898000 	C:\windows\system32\twinapi.appcore.dll
0x00007ff8db970000 - 0x00007ff8db977000 	O:\BACKUP\jadx-gui-1.5.2-with-jre-win\jre\bin\jawt.dll
0x00007ff8df870000 - 0x00007ff8df96c000 	C:\windows\SYSTEM32\textinputframework.dll
0x00007ff8e6840000 - 0x00007ff8e6b9e000 	C:\windows\System32\CoreUIComponents.dll
0x00007ff8e6ca0000 - 0x00007ff8e6d92000 	C:\windows\System32\CoreMessaging.dll
0x00007ff8e85d0000 - 0x00007ff8e8603000 	C:\windows\SYSTEM32\ntmarta.dll
0x00007ff8e6170000 - 0x00007ff8e62c6000 	C:\windows\SYSTEM32\wintypes.dll
0x00007ff8e6f30000 - 0x00007ff8e6f44000 	C:\windows\system32\Wtsapi32.dll
0x00007ff8e8f20000 - 0x00007ff8e8f7a000 	C:\windows\SYSTEM32\WINSTA.dll
0x00007ff8e8d00000 - 0x00007ff8e8dcb000 	C:\windows\SYSTEM32\DNSAPI.dll
0x00007ff8dbb40000 - 0x00007ff8dbb4a000 	C:\Windows\System32\rasadhlp.dll
0x00007ff8e04e0000 - 0x00007ff8e055f000 	C:\windows\System32\fwpuclnt.dll
0x00007ff8dd810000 - 0x00007ff8dd9f0000 	C:\windows\SYSTEM32\d3d12.dll
0x00007ff8e2a00000 - 0x00007ff8e2a3b000 	C:\windows\SYSTEM32\dxcore.dll
0x00007ff8e9a00000 - 0x00007ff8e9a4e000 	C:\windows\System32\cfgmgr32.dll
0x00007ff8e2a40000 - 0x00007ff8e3136000 	C:\windows\SYSTEM32\d3d10warp.dll
0x00007ff8de740000 - 0x00007ff8de76b000 	C:\windows\SYSTEM32\D3DSCache.dll
0x00007ff8eb1f0000 - 0x00007ff8eb2ca000 	C:\windows\System32\COMDLG32.dll
0x00007ff8e6ba0000 - 0x00007ff8e6c97000 	C:\windows\system32\propsys.dll
0x00007ff8c1e70000 - 0x00007ff8c1f18000 	C:\Program Files\Common Files\microsoft shared\ink\tiptsf.dll
0x00007ff8de980000 - 0x00007ff8dea2c000 	C:\windows\SYSTEM32\TextShaping.dll
0x00007ff8e6ed0000 - 0x00007ff8e6ef4000 	C:\windows\SYSTEM32\edputil.dll
0x00007ff8dd390000 - 0x00007ff8dd40d000 	C:\windows\SYSTEM32\ntshrui.dll
0x00007ff8e9790000 - 0x00007ff8e97cc000 	C:\windows\SYSTEM32\SspiCli.dll
0x00007ff8d9390000 - 0x00007ff8d93b8000 	C:\windows\SYSTEM32\srvcli.dll
0x00007ff8d93c0000 - 0x00007ff8d93d2000 	C:\windows\SYSTEM32\cscapi.dll
0x00007ff8de8a0000 - 0x00007ff8de905000 	C:\Windows\System32\thumbcache.dll
0x00007ff8e3870000 - 0x00007ff8e3910000 	C:\windows\SYSTEM32\policymanager.dll
0x00007ff8e8a00000 - 0x00007ff8e8a8a000 	C:\windows\SYSTEM32\msvcp110_win.dll
0x00007ff8d0ae0000 - 0x00007ff8d0c26000 	C:\Windows\System32\Windows.StateRepositoryPS.dll
0x00007ff8e1540000 - 0x00007ff8e154d000 	C:\windows\SYSTEM32\LINKINFO.dll
0x00007ff8bdc80000 - 0x00007ff8bdd26000 	C:\windows\System32\StructuredQuery.dll
0x00007ff8b7970000 - 0x00007ff8b7a36000 	C:\windows\system32\Windows.Storage.Search.dll
0x00007ff8dc9f0000 - 0x00007ff8dc9fc000 	C:\windows\SYSTEM32\Secur32.dll
0x00007ff8dca60000 - 0x00007ff8dca79000 	C:\windows\SYSTEM32\samcli.dll
0x00007ff8e6da0000 - 0x00007ff8e6dc4000 	C:\windows\SYSTEM32\SAMLIB.dll
0x00007ff8e8dd0000 - 0x00007ff8e8ddc000 	C:\windows\SYSTEM32\netutils.dll
0x00007ff8dc7c0000 - 0x00007ff8dc7dd000 	C:\windows\SYSTEM32\MPR.dll
0x00007ff8da810000 - 0x00007ff8da82d000 	C:\windows\System32\p9np.dll
0x00007ff8da800000 - 0x00007ff8da80b000 	C:\windows\System32\drprov.dll
0x00007ff8d9690000 - 0x00007ff8d96a8000 	C:\windows\System32\ntlanman.dll
0x00007ff8d9670000 - 0x00007ff8d968e000 	C:\windows\System32\davclnt.dll
0x00007ff8d9660000 - 0x00007ff8d966d000 	C:\windows\System32\DAVHLPR.dll
0x00007ff8e8a90000 - 0x00007ff8e8aa7000 	C:\windows\System32\wkscli.dll
0x00007ff8b5310000 - 0x00007ff8b5364000 	C:\Windows\System32\dlnashext.dll
0x00007ff8e0370000 - 0x00007ff8e03d4000 	C:\Windows\System32\PlayToDevice.dll
0x00007ff8cfb70000 - 0x00007ff8cfb90000 	C:\Windows\System32\DevDispItemProvider.dll
0x00007ff8e1d60000 - 0x00007ff8e1de5000 	C:\windows\System32\MMDevApi.dll
0x00007ff8e9660000 - 0x00007ff8e968c000 	C:\windows\System32\DEVOBJ.dll
0x00007ff8c2150000 - 0x00007ff8c21f1000 	C:\windows\system32\wpdshext.dll
0x00007ff89d4d0000 - 0x00007ff89d676000 	C:\windows\WinSxS\amd64_microsoft.windows.gdiplus_6595b64144ccf1df_1.1.19041.630_none_fae7a41d761b04f0\gdiplus.dll
0x00007ff8b31e0000 - 0x00007ff8b3281000 	C:\Windows\System32\PortableDeviceApi.dll
0x00007ff8eb520000 - 0x00007ff8eb987000 	C:\windows\System32\SETUPAPI.dll
0x00007ff8ea170000 - 0x00007ff8ea1d0000 	C:\windows\System32\WINTRUST.dll
0x00007ff8e9a50000 - 0x00007ff8e9bad000 	C:\windows\System32\CRYPT32.dll
0x00007ff8e94a0000 - 0x00007ff8e94b2000 	C:\windows\System32\MSASN1.dll
0x00007ff8e2240000 - 0x00007ff8e2271000 	C:\Windows\System32\PortableDeviceTypes.dll
0x00007ff8dd750000 - 0x00007ff8dd787000 	C:\Windows\System32\EhStorShell.dll

JVMTI agents: none

dbghelp: loaded successfully - version: 4.0.5 - missing functions: none
symbol engine: initialized successfully - sym options: 0x614 - pdb path: .;O:\BACKUP\jadx-gui-1.5.2-with-jre-win\jre\bin;C:\windows\SYSTEM32;C:\windows\WinSxS\amd64_microsoft.windows.common-controls_6595b64144ccf1df_6.0.19041.488_none_ca04af081b815d21;O:\BACKUP\jadx-gui-1.5.2-with-jre-win\jre\bin\server;C:\Users\DAVI\AppData\Local\Temp;C:\Users\DAVI\AppData\Local\Temp\flatlaf.temp;C:\Program Files\Common Files\microsoft shared\ink;C:\windows\WinSxS\amd64_microsoft.windows.gdiplus_6595b64144ccf1df_1.1.19041.630_none_fae7a41d761b04f0;C:\PROGRA~1\MICROS~1\Office14;C:\windows\WinSxS\amd64_microsoft.vc90.crt_1fc8b3b9a1e18e3b_9.0.30729.9625_none_08e1c10da83fbc83;C:\windows\WinSxS\amd64_microsoft.vc90.atl_1fc8b3b9a1e18e3b_9.0.30729.4148_none_0a1d2fcba76b3f00;C:\PROGRA~1\COMMON~1\MICROS~1\OFFICE14\Cultures;C:\PROGRA~1\MICROS~1\Office14\1033

VM Arguments:
jvm_args: -Xms128M -XX:MaxRAMPercentage=70.0 -Dawt.useSystemAAFontSettings=lcd -Dswing.aatext=true -Djava.util.Arrays.useLegacyMergeSort=true -Djdk.util.zip.disableZip64ExtraFieldValidation=true -XX:+IgnoreUnrecognizedVMOptions --add-opens=java.base/java.lang=ALL-UNNAMED --enable-native-access=ALL-UNNAMED -Dsun.java2d.noddraw=true -Dsun.java2d.d3d=false -Dsun.java2d.ddforcevram=true -Dsun.java2d.ddblit=false -Dswing.useflipBufferStrategy=true 
java_command: jadx.gui.JadxGUI
java_class_path (initial): jadx-gui-1.5.2.jar;O:\BACKUP\jadx-gui-1.5.2-with-jre-win\lib\jadx-gui-1.5.2-all.jar
Launcher Type: SUN_STANDARD

[Global flags]
     intx CICompilerCount                          = 2                                         {product} {ergonomic}
     uint ConcGCThreads                            = 1                                         {product} {ergonomic}
     uint G1ConcRefinementThreads                  = 2                                         {product} {ergonomic}
   size_t G1HeapRegionSize                         = 2097152                                   {product} {ergonomic}
     bool IgnoreUnrecognizedVMOptions              = true                                      {product} {command line}
   size_t InitialHeapSize                          = 134217728                                 {product} {command line}
   size_t MarkStackSize                            = 4194304                                   {product} {ergonomic}
   size_t MarkStackSizeMax                         = 536870912                                 {product} {ergonomic}
   size_t MaxHeapSize                              = 2818572288                                {product} {ergonomic}
   size_t MaxNewSize                               = 1690304512                                {product} {ergonomic}
 uint64_t MaxRAM                                   = 4025798656                             {pd product} {ergonomic}
   double MaxRAMPercentage                         = 70.000000                                 {product} {command line}
   size_t MinHeapDeltaBytes                        = 2097152                                   {product} {ergonomic}
   size_t MinHeapSize                              = 134217728                                 {product} {command line}
    uintx NonNMethodCodeHeapSize                   = 5767168                                {pd product} {ergonomic}
    uintx NonProfiledCodeHeapSize                  = 123011072                              {pd product} {ergonomic}
    uintx ProfiledCodeHeapSize                     = 122880000                              {pd product} {ergonomic}
    uintx ReservedCodeCacheSize                    = 251658240                              {pd product} {ergonomic}
     bool SegmentedCodeCache                       = true                                      {product} {ergonomic}
   size_t SoftMaxHeapSize                          = 2818572288                             {manageable} {ergonomic}
     bool UseCompressedOops                        = true                           {product lp64_product} {ergonomic}
     bool UseG1GC                                  = true                                      {product} {ergonomic}
     bool UseLargePagesIndividualAllocation        = false                                  {pd product} {ergonomic}

Logging:
Log output configuration:
 #0: stdout all=warning uptime,level,tags foldmultilines=false
 #1: stderr all=off uptime,level,tags foldmultilines=false

Environment Variables:
PATH=C:\Program Files\Common Files\Oracle\Java\javapath;c:\devkitPro\msys2\usr\bin;C:\Python311\Scripts\;C:\Python311\;C:\Program Files (x86)\Common Files\Oracle\Java\javapath;C:\windows\system32;C:\windows;C:\windows\System32\Wbem;C:\windows\System32\WindowsPowerShell\v1.0\;C:\Program Files\dotnet\;C:\ProgramData\chocolatey\bin;C:\windows\System32\OpenSSH\;C:\Program Files\Git\cmd;C:\Program Files (x86)\GtkSharp\2.12\bin;C:\Program Files\nodejs\;C:\Program Files\CMake\bin;C:\Python37\Scripts\;C:\Python37\;C:\Program Files\Java\jdk-21\bin\;C:\WINDOWS\system32;C:\WINDOWS;C:\WINDOWS\System32\Wbem;C:\WINDOWS\System32\WindowsPowerShell\v1.0\;C:\WINDOWS\System32\OpenSSH\;C:\Program Files (x86)\dotnet\;C:\Users\DAVI\AppData\Local\Microsoft\WindowsApps;C:\Program Files\Git\;C:\Program Files\Git\bin\;C:\Program Files\Git\cmd\;C:\Program Files\7-Zip\7z.exe;C:\Users\DAVI\AppData\Local\Programs\Microsoft VS Code\bin;C:\Users\DAVI\.dotnet\tools;C:\Users\DAVI\AppData\Roaming\npm;C:\Program Files (x86)\Microsoft Visual Studio\2017\BuildTools;F:\msys64\mingw64\bin;O:\BACKUP\jadx-gui-1.5.2-with-jre-win\jre\bin
USERNAME=DAVI
OS=Windows_NT
PROCESSOR_IDENTIFIER=AMD64 Family 16 Model 6 Stepping 3, AuthenticAMD
TMP=C:\Users\DAVI\AppData\Local\Temp
TEMP=C:\Users\DAVI\AppData\Local\Temp




Periodic native trim disabled

---------------  S Y S T E M  ---------------

OS:
 Windows 10 , 64 bit Build 19041 (10.0.19041.546)
OS uptime: 0 days 4:57 hours

CPU: total 2 (initial active 2) (2 cores per cpu, 1 threads per core) family 16 model 6 stepping 3 microcode 0x0, cx8, cmov, fxsr, mmx, 3dnowpref, sse, sse2, sse3, sse4a, popcnt, lzcnt, tsc, tscinvbit, clflush, rdtscp
Processor Information for the first 2 processors :
  Max Mhz: 2900, Current Mhz: 2900, Mhz Limit: 2900

Memory: 4k page, system-wide physical 3839M (287M free)
TotalPageFile size 5123M (AvailPageFile size 5M)
current process WorkingSet (physical memory assigned to process): 2284M, peak: 2339M
current process commit charge ("private bytes"): 2579M, peak: 2735M

vm_info: Java HotSpot(TM) 64-Bit Server VM (24.0.1+9-30) for windows-amd64 JRE (24.0.1+9-30), built on 2025-03-05T07:23:45Z with MS VC++ 17.6 (VS2022)

END.
